2,44 61 97 102 103 109 146 169 305 316 342 357 360 366 404 449 469 509 596 722 731 731 766 828 830 1005 1057 1103 1138 1296 1299 1377 1377 1424 1503 1513 1589 1599 1776 1778 1905 2003 2119 2119 2159 2248 2258 2347 2425 2456 2575 2611 2614 2746 2794 2816 2848 2943 2950 2953 2975 3161 3275 3385 3488 3494 3517 3560 3604 3638 3639 3658 3683 3683 3801 3812 3840 3859 3941 3943 4001 4073 4074 4191 4227 4229 4298 4308 4308 4309 4311 4329 4337 4395 4419 4435 4534 4575 4575 4600 4601 4671 4956 4959 4985 5064 5094 5135 5215 5301
3,112 152 160 160 367 468 468 494 547 555 705 907 1010 1020 1132 1145 1148 1183 1278 1281 1283 1376 1377 1391 1480 1624 1732 1760 1908 1961 2007 2071 2159 2173 2414 2435 2699 2799 2960 2980 2981 3253 3275 3360 3394 3635 3776 3812 3854 3941 3953 4152 4152 4229 4273 4479 4518 4526 4743 4744 4843 4916 4979 5129 5404
1,43 115 138 138 185 240 333 344 560 666 732 791 832 859 861 876 908 1038 1149 1333 1521 1522 1597 1680 1683 1684 1712 1782 1835 2043 2069 2203 2258 2258 2315 2379 2430 2436 2498 2560 2592 2594 2679 2761 2971 2971 3036 3037 3040 3040 3099 3126 3127 3143 3168 3174 3176 3239 3240 3275 3275 3295 3301 3303 3374 3398 3504 3520 3638 3641 3642 3686 3758 3772 3859 3914 3931 3954 3976 4129 4129 4273 4468 4516 4530 4549 4574 4672 4683 4683 4744 4757 4803 4860 4969 5207 5221 5233 5282
5,134 138 152 158 287 287 383 383 383 384 489 489 489 679 795 1103 1133 1281 1310 1368 1498 1499 1576 1582 1693 1702 1710 1733 1797 1829 1833 1844 1905 1908 1967 1998 2145 2203 2296 2432 2444 2446 2542 2694 2846 2852 2888 2902 2902 2919 2924 3082 3161 3275 3275 3470 3667 3708 3733 3771 3772 3778 3831 3931 3953 3960 3984 4077 4147 4147 4154 4199 4314 4329 4361 4606 4743 4744 4787 4803 4905 4906 4952 4972 4972 5015
2,10 73 78 89 260 261 275 324 324 366 541 612 613 731 731 772 774 799 800 906 954 961 1024 1064 1119 1131 1138 1170 1196 1279 1419 1576 1611 1612 1627 1648 1698 1732 1801 1802 1820 1979 2000 2002 2004 2108 2108 2198 2199 2202 2295 2374 2415 2474 2605 2660 2746 2775 2792 2805 2810 2844 2852 2856 2913 2966 3115 3273 3275 3386 3406 3578 3635 3638 3666 3729 3769 3812 3841 3970 4239 4273 4275 4276 4293 4310 4311 4311 4322 4329 4414 4534 4598 4649 4659 4659 4681 4688 4703 4715 4812 4850 4907 4985 5005 5005 5115 5161 5331
2,39 73 152 162 200 201 208 215 231 236 342 486 541 731 731 795 1000 1020 1025 1109 1119 1158 1165 1186 1201 1213 1281 1366 1377 1389 1497 1499 1533 1648 1798 1908 1955 1972 2352 2365 2396 2403 2415 2435 2458 2539 2541 2710 2925 3064 3176 3187 3188 3199 3200 3214 3310 3329 3336 3748 3759 3882 3892 3904 3914 4095 4147 4259 4300 4308 4308 4311 4311 4314 4324 4711 4743 4757 4787 4843 4851 4956 5129 5397
3,160 160 160 181 450 450 727 1010 1132 1215 1310 1475 1475 1526 1623 1626 1661 1885 1885 1908 1967 2030 2035 2146 2202 2294 2369 2374 2574 2605 2799 2853 2853 2882 3042 3275 3275 3635 3635 3714 3767 3775 3776 3777 3812 3824 3830 4025 4152 4152 4156 4202 4273 4391 4541 4731 4741 4744 4763 4787 4934 5221 5266 5396
2,69 130 209 215 219 244 261 317 327 328 344 449 477 510 511 596 661 668 705 706 731 731 752 766 772 774 781 871 976 1000 1006 1109 1130 1278 1280 1281 1281 1377 1424 1445 1495 1517 1614 1644 1666 1667 1693 1710 1754 1782 1803 1815 1829 1872 1876 1967 1976 2020 2045 2051 2115 2259 2303 2347 2366 2374 2379 2380 2415 2416 2417 2456 2498 2575 2592 2593 2605 2608 2620 2678 2708 2723 2746 2748 2768 2885 2896 2924 2925 2939 2949 3048 3056 3140 3140 3160 3216 3227 3250 3273 3312 3404 3449 3478 3520 3594 3632 3633 3638 3697 3713 3722 3796 3825 3836 3869 3908 3914 3931 4028 4056 4059 4117 4118 4118 4137 4227 4256 4269 4282 4283 4298 4302 4311 4311 4322 4393 4529 4818 4864 4956 4958 4970 5031 5045 5121 5135 5136 5203 5391
0,69 69 70 77 116 124 152 234 234 254 469 489 560 579 615 632 795 806 818 843 992 993 1006 1105 1106 1132 1233 1252 1374 1647 1731 1776 1782 1788 1800 1802 1818 1819 1863 1872 1955 1961 2001 2111 2160 2163 2203 2241 2258 2259 2296 2306 2319 2325 2325 2326 2347 2370 2378 2491 2556 2685 2742 2837 3211 3275 3291 3291 3374 3517 3520 3545 3590 3678 3761 3783 3784 3865 4011 4041 4059 4151 4212 4213 4242 4254 4380 4382 4474 4476 4484 4496 4496 4516 4534 4554 4669 4743 4744 4753 4757 4763 4787 4861 4897 4972 5075 5163 5249
1,4 27 43 44 73 87 124 138 138 231 305 333 333 380 383 449 450 533 615 643 690 754 756 823 838 839 878 1000 1014 1046 1189 1218 1252 1309 1310 1323 1512 1517 1548 1549 1560 1581 1585 1587 1600 1650 1712 1776 1835 1835 1872 1884 1908 1955 1983 1994 2007 2202 2209 2258 2259 2261 2310 2311 2435 2537 2542 2605 2723 2816 2832 2833 2847 2852 3129 3161 3218 3275 3275 3280 3297 3491 3642 3707 3768 3812 3932 4015 4023 4025 4054 4069 4227 4321 4322 4443 4456 4474 4530 4534 4589 4616 4632 4683 4683 4703 4743 4744 4754 4780 4791 4800 4803 4865 4893 4894 4914 4968 5196 5207 5207 5219 5233 5401 5413
6,5 104 111 152 170 240 282 399 409 766 766 776 782 923 1109 1132 1138 1138 1139 1219 1248 1308 1310 1416 1542 1543 1717 1717 1720 1721 1722 1894 1908 2035 2042 2261 2401 2782 2797 2941 3071 3126 3191 3275 3275 3275 3276 3518 3519 3525 3526 3560 3604 3604 3605 3605 3733 3815 4032 4177 4429 4429 4430 4430 4441 4457 4462 4533 4534 4575 4575 4631 4677 4681 4685 4686 4923 4979 4979 4984 4999 4999 5156 5163 5301 5302 5302 5396
6,149 152 200 207 660 731 735 830 892 1132 1245 1307 1366 1377 1495 1517 1533 1601 1693 1908 2111 2159 2258 2335 2335 2336 2365 2369 2454 2543 2543 2563 2672 2734 2746 3064 3066 3145 3176 3197 3302 3387 3504 3507 3508 3666 3699 3812 4138 4147 4254 4329 4442 4446 4492 4497 4575 4575 4845 4985 5042 5081 5302
5,55 201 240 273 275 278 287 290 421 454 465 560 729 754 757 759 783 906 936 936 982 1047 1077 1132 1188 1297 1350 1355 1406 1593 1672 1701 1782 1785 1796 1872 2001 2001 2041 2111 2258 2309 2310 2507 2514 2588 2605 2617 2692 2971 3127 3161 3175 3191 3470 3491 3519 3565 3733 3832 3842 3914 3930 3965 3990 4060 4125 4229 4254 4255 4293 4322 4354 4376 4505 4726 4794 4832 4882 4937 4972 4972 5023 5293 5364
5,63 71 73 78 79 205 206 262 280 287 289 358 441 456 515 518 577 645 646 766 795 830 843 857 879 1047 1103 1239 1320 1333 1377 1448 1453 1512 1517 1517 1539 1582 1582 1710 1782 1863 1907 1908 1992 2163 2369 2403 2462 2547 2719 2918 2922 2924 2925 3022 3057 3078 3079 3084 3275 3364 3470 3478 3491 3700 3733 3767 3789 3849 3860 3860 3914 3931 3941 4054 4057 4095 4096 4098 4107 4157 4312 4405 4446 4488 4518 4534 4541 4553 4568 4700 4700 4703 4744 4791 4815 4884 4890 4890 4956 4972 4974 5029 5063 5064 5065 5065 5108 5115 5129 5139 5263 5263 5288
6,452 454 469 535 560 686 803 885 951 1040 1109 1109 1132 1264 1281 1305 1362 1649 1717 1719 1765 1782 1958 2127 2294 2329 2500 2530 2543 2743 2856 2907 2966 3205 3340 3395 3478 3500 3605 3634 3859 3932 3996 4023 4273 4298 4307 4455 4520 4575 4575 4612 4669 4904 5235 5250 5250 5301 5302 5302 5312
2,73 187 198 468 509 603 622 661 731 731 762 774 836 944 1070 1277 1306 1366 1387 1389 1578 1649 1878 2000 2004 2045 2122 2159 2205 2245 2245 2335 2347 2373 2424 2579 2592 2768 2775 2844 2966 2988 2989 2990 3220 3275 3366 3385 3386 3391 3520 3769 4132 4135 4137 4272 4298 4308 4311 4311 4535 4736 4852 4979
4,87 150 169 175 240 241 320 423 434 435 523 623 765 834 902 1026 1132 1146 1146 1191 1252 1342 1586 1633 1776 1777 1778 1778 1805 1863 1881 1886 1886 2007 2124 2159 2233 2241 2242 2243 2374 2398 2425 2434 2456 2504 2604 2605 2608 2650 2772 2775 2795 2810 2810 2842 2902 2939 3093 3161 3162 3275 3299 3491 3491 3635 3726 3790 3791 3791 3798 3871 3991 4219 4227 4332 4573 4687 4744 4764 4914 4928 4930 4947 4949 5094 5162 5182 5309 5358 5370 5370 5384
1,25 34 73 73 77 138 138 140 152 214 239 242 293 293 319 333 357 358 360 599 843 981 981 982 1010 1119 1140 1240 1252 1290 1307 1315 1512 1517 1531 1620 1622 1657 1709 1881 1885 1943 2200 2419 2432 2457 2542 2575 2604 2605 2721 2739 2742 2742 2817 2922 2958 3014 3037 3084 3121 3124 3275 3275 3289 3307 3458 3493 3560 3584 3635 3707 3767 3880 3901 3918 4021 4036 4041 4096 4202 4293 4361 4431 4681 4683 4683 4737 4741 4743 4744 4757 4763 4787 4979 4979 5124 5207 5370 5375 5378
1,134 138 138 301 316 333 359 360 462 756 843 855 864 1103 1138 1140 1140 1267 1310 1327 1419 1481 1491 1582 1732 1908 2087 2087 2203 2219 2421 2817 2865 2918 2940 3161 3161 3223 3223 3275 3491 3650 3695 3695 3714 3831 3993 4023 4027 4147 4201 4202 4285 4361 4400 4455 4514 4575 4575 4576 4576 4681 4683 4683 4741 4744 4979 5123 5207 5207 5242
1,80 83 134 138 225 333 333 369 449 452 627 632 793 795 864 918 997 1006 1006 1038 1103 1132 1244 1311 1328 1394 1394 1396 1410 1470 1517 1517 1591 1732 1746 1747 1782 1844 1902 1908 1967 1977 2083 2084 2193 2202 2414 2419 2420 2456 2458 2543 2551 2597 2605 2614 2624 2695 2738 2797 2816 2845 3055 3058 3080 3161 3297 3550 3698 3707 3812 3831 3859 3860 3954 4059 4138 4147 4221 4227 4240 4293 4439 4530 4552 4683 4715 4743 4744 4882 4884 4979 5072 5207 5207 5226 5274
1,72 72 73 73 124 124 134 138 138 152 153 153 171 214 225 239 333 358 360 366 412 413 449 599 851 906 940 1035 1091 1119 1119 1139 1166 1227 1299 1328 1512 1517 1620 1627 1631 1710 1817 1881 1908 2000 2112 2159 2200 2379 2435 2575 2605 2775 2775 2919 2920 3004 3014 3044 3045 3121 3275 3275 3290 3329 3439 3535 3551 3635 3635 3635 3707 3708 3751 3946 4135 4148 4151 4367 4367 4370 4521 4534 4535 4683 4683 4744 4753 4770 5076 5136 5207
1,128 136 138 240 316 333 353 360 449 493 687 830 977 1070 1250 1279 1327 1328 1353 1358 1401 1512 1542 1547 1552 1565 1566 1572 1581 1581 1582 1585 1592 1783 1870 1872 1892 2015 2144 2202 2258 2400 2403 2420 2463 2482 2595 2672 2832 2833 2918 3037 3038 3039 3122 3124 3124 3297 3374 3417 3417 3418 3467 3550 3638 3914 4013 4060 4069 4092 4129 4131 4229 4254 4273 4433 4435 4516 4530 4554 4574 4587 4620 4622 4668 4681 4683 4744 4753 4767 4803 4865 4931 5207 5221 5233
6,36 71 97 203 240 427 444 449 458 469 500 550 552 560 673 674 679 846 897 997 1107 1109 1109 1130 1130 1165 1311 1416 1481 1490 1511 1579 1660 1701 1762 1812 1829 1857 1862 1918 1967 1999 2000 2019 2202 2210 2216 2223 2248 2280 2295 2415 2417 2456 2592 2654 2668 2707 2746 2746 2797 2817 2846 2890 2890 2905 2945 2985 3022 3036 3055 3058 3105 3265 3265 3359 3495 3560 3605 3740 3847 3848 3913 3996 4019 4138 4175 4175 4311 4329 4376 4416 4518 4535 4575 4575 4632 4635 4669 4681 4683 4685 4789 4825 4920 4965 4979 4997 5041 5095 5301 5302 5367 5367 5368 5368 5369 5369
0,32 69 78 78 172 240 287 317 367 449 451 471 575 605 639 734 735 804 906 908 959 968 969 1005 1085 1220 1248 1327 1351 1377 1438 1526 1631 1732 1746 1816 1847 1863 1908 1943 1967 1976 1993 2000 2037 2051 2052 2052 2054 2056 2058 2165 2187 2188 2209 2326 2403 2428 2458 2486 2660 2680 2692 2768 2960 2965 2971 2978 3043 3124 3160 3161 3176 3176 3177 3275 3275 3280 3292 3374 3520 3589 3592 3638 3639 3941 3953 4023 4031 4031 4147 4169 4197 4227 4227 4255 4322 4362 4467 4574 4632 4680 4742 4743 4803 4860 4972 4972 5046 5056 5058 5109 5129 5134 5159 5207 5225 5350
0,66 69 73 78 109 234 234 255 287 287 385 386 449 497 525 560 843 1006 1009 1022 1097 1166 1252 1376 1454 1512 1517 1582 1607 1714 1728 1731 1758 1760 1831 1833 1833 1838 1863 1864 1864 1908 2001 2042 2083 2110 2110 2111 2145 2163 2172 2268 2269 2326 2347 2586 2798 2837 2898 2899 2919 2924 3057 3114 3201 3249 3275 3275 3297 3447 3509 3518 3654 3654 3860 3935 4038 4038 4147 4242 4254 4472 4530 4598 4598 4631 4632 4718 4744 4757 4757 4787 4882 4972 4974 5203
7,5 6 124 134 134 138 287 358 367 383 384 491 538 766 1132 1186 1239 1328 1377 1401 1491 1561 1706 2192 2325 2377 2410 2415 2609 2624 2699 2699 2816 2888 2919 2920 2925 3055 3058 3084 3176 3275 3463 3520 3641 3642 3707 3707 3733 3733 3735 3812 3860 3914 4078 4095 4146 4147 4227 4254 4255 4303 4303 4304 4362 4631 4640 4669 4744 4787 4789 4832 4840 4843 4882 4911 4972 4972 4979 5003 5033 5095 5155 5323 5401
0,8 78 79 79 107 109 110 290 383 383 525 653 1009 1055 1055 1089 1097 1132 1219 1252 1362 1454 1470 1488 1517 1710 1782 1831 1833 1863 1864 1864 2032 2033 2079 2145 2163 2258 2458 2751 2783 2787 2816 2853 2923 2925 2957 2958 2971 2984 3102 3190 3275 3393 3491 3519 3566 3654 3751 3785 3812 3815 3832 3860 3931 4094 4095 4096 4167 4193 4201 4202 4254 4273 4436 4436 4518 4556 4626 4626 4731 4878 4882 4972 5091 5096 5198 5378 5401
5,4 44 89 102 170 191 287 287 290 290 301 329 349 353 784 843 848 855 902 971 1103 1170 1186 1444 1446 1446 1648 1666 1676 1678 1700 1701 1710 1724 1770 1837 1876 1876 1963 2012 2012 2100 2108 2110 2209 2209 2308 2316 2317 2353 2375 2379 2384 2437 2456 2457 2458 2462 2543 2550 2646 2649 2708 2739 2754 2758 2786 2816 2817 2919 2940 2940 3105 3160 3258 3275 3275 3421 3478 3487 3491 3545 3547 3648 3656 3656 3733 3857 3859 3860 3860 3932 4043 4097 4098 4147 4202 4227 4243 4244 4254 4273 4329 4446 4452 4452 4479 4518 4535 4541 4566 4566 4570 4681 4683 4690 4721 4744 4788 4972 4974 5072 5134 5201 5202 5203 5228 5269 5270 5274 5306 5307 5307 5354
1,28 57 88 92 128 138 214 316 333 449 469 596 677 753 756 843 905 906 909 966 1009 1254 1339 1480 1506 1507 1561 1581 1706 1776 1781 1786 1800 1820 1825 1844 1870 1979 2038 2068 2258 2258 2263 2331 2413 2441 2449 2450 2467 2528 2608 2678 2739 2742 2832 2920 2921 2923 2972 3104 3356 3467 3470 3491 3635 3638 3640 3703 3812 3852 3855 3913 3928 3954 3954 3978 4013 4041 4078 4227 4273 4394 4445 4451 4476 4477 4530 4530 4541 4620 4671 4683 4703 4743 4744 4757 4793 4893 5167 5209 5210 5305 5329 5380
1,71 73 138 177 180 306 317 333 410 450 454 508 682 766 795 869 878 895 906 908 948 962 1006 1009 1103 1187 1196 1219 1288 1298 1381 1490 1512 1517 1528 1629 1736 1769 1782 2007 2038 2258 2327 2416 2422 2437 2462 2498 2503 2516 2542 2551 2738 2917 2972 3071 3161 3275 3474 3477 3503 3550 3565 3707 3930 3972 3972 3973 4059 4080 4120 4163 4168 4200 4202 4267 4273 4474 4477 4516 4545 4570 4574 4663 4671 4683 4710 4716 4727 4733 4743 4744 4757 4779 4839 4895 5196 5203 5226 5231
7,69 234 240 273 276 278 278 279 287 309 328 410 469 534 560 689 729 843 1011 1047 1103 1180 1318 1371 1442 1555 1581 1781 1817 1872 1884 1939 1967 2163 2416 2481 2488 2491 2521 2703 2738 2929 3040 3174 3176 3218 3275 3560 3617 3617 3620 3641 3642 3666 3780 3789 3813 3860 4157 4164 4255 4273 4329 4447 4631 4631 4703 4775 4787 4832 4946 4972 5096 5115 5249 5274
2,1 61 73 73 77 135 201 240 261 273 323 350 357 385 425 537 540 583 673 731 731 772 772 862 916 1000 1029 1036 1038 1132 1146 1195 1274 1377 1387 1389 1420 1424 1424 1543 1544 1654 1654 1655 1700 1732 1758 1807 1967 2037 2051 2051 2292 2466 2657 2657 2699 2864 2985 2985 3036 3110 3193 3274 3274 3275 3297 3403 3404 3503 3520 3520 3565 3685 3890 4035 4091 4139 4208 4226 4259 4259 4295 4308 4310 4311 4429 4430 4559 4559 4560 4575 4575 4616 4625 4641 4648 4782 4878 4919 4956 4979 5031 5094 5125 5146 5301 5343 5356
7,55 201 240 273 275 278 287 290 421 454 465 560 729 754 757 759 783 906 936 936 982 1047 1077 1132 1188 1297 1350 1355 1406 1593 1672 1701 1782 1785 1796 1872 2001 2001 2041 2111 2258 2309 2310 2507 2514 2588 2605 2617 2692 2971 3127 3161 3175 3191 3470 3491 3519 3565 3733 3832 3842 3914 3930 3965 3990 4060 4125 4229 4254 4255 4293 4322 4354 4376 4505 4726 4794 4832 4882 4937 4972 4972 5023 5293 5364
2,55 148 149 165 323 366 367 622 731 731 899 1099 1195 1247 1278 1310 1310 1361 1366 1380 1481 1517 1575 1589 1615 1648 1649 1661 1687 1689 1690 1697 1710 1788 1844 1872 2052 2100 2111 2159 2224 2259 2295 2435 2520 2574 2719 2723 2743 2768 2925 3275 3405 3478 3560 3604 3776 3914 3993 4006 4007 4008 4059 4146 4147 4202 4298 4311 4311 4314 4329 4502 4575 4575 4587 4631 4681 4730 4789 4881 4985 5195 5397
1,238 240 261 333 333 450 474 499 548 594 623 808 843 872 1073 1074 1074 1120 1132 1275 1472 1488 1581 1582 1582 1585 1797 1829 1829 1901 1941 1941 1987 1998 2373 2414 2436 2503 2564 2680 2774 2816 2918 2918 2920 2922 2923 3021 3082 3256 3275 3275 3293 3293 3295 3543 3551 3560 3604 3605 3679 3707 3707 3714 3733 3746 3831 4016 4059 4078 4192 4273 4395 4468 4532 4681 4683 4704 4704 4729 4729 4742 4743 4744 4787 4803 4805 4886 4934 4968 5006 5135 5204 5209 5273 5273 5340 5347 5348 5348 5355 5397
2,73 113 118 225 259 263 327 350 357 425 426 430 430 450 462 519 555 566 594 679 686 694 702 731 731 744 806 842 845 898 988 989 989 1055 1055 1105 1119 1135 1159 1165 1279 1281 1281 1282 1309 1310 1424 1730 1796 1850 1947 2030 2035 2071 2093 2110 2110 2203 2291 2292 2330 2403 2414 2421 2423 2462 2507 2830 2975 3022 3261 3275 3275 3275 3275 3289 3459 3479 3560 3581 3635 3651 3679 3837 3839 3839 3859 3878 3936 3961 3961 3961 3975 3999 4254 4273 4308 4308 4311 4360 4362 4392 4418 4433 4518 4534 4535 4581 4582 4669 4681 4686 4741 4823 4934 4936 4979 5006 5141 5274 5286 5301 5303 5333
1,86 92 134 134 138 138 205 210 317 317 333 439 452 518 521 614 616 737 806 860 903 948 1132 1166 1233 1244 1317 1326 1328 1328 1400 1524 1581 1582 1704 1765 1776 1789 1880 1942 1957 2087 2417 2462 2903 2920 3036 3036 3067 3163 3275 3296 3297 3387 3388 3454 3478 3584 3709 3948 4013 4026 4027 4143 4155 4197 4201 4202 4339 4377 4548 4683 4730 4736 4756 4766 4787 4950 5073 5153 5207 5207 5219 5222
2,122 126 260 417 679 724 731 731 941 944 1199 1201 1222 1280 1366 1376 1377 1386 1578 1614 1648 1649 1731 1820 1844 1887 1948 2113 2159 2159 2239 2259 2347 2369 2403 2432 2472 2506 2560 2742 2746 2797 2856 2902 3040 3091 3161 3275 3340 3414 3604 3770 3791 3804 3876 3879 4193 4227 4298 4308 4309 4311 4500 4566 4575 4754 4772 4860 4907 4923 4985 5060 5136 5199 5375
0,8 63 73 78 79 79 109 109 110 287 287 290 383 525 652 719 817 843 937 1009 1055 1055 1281 1362 1376 1377 1454 1470 1497 1512 1555 1557 1582 1678 1710 1767 1811 1833 1863 1863 1864 1864 1908 2003 2078 2079 2163 2172 2277 2415 2462 2543 2700 2739 2893 2919 2922 2925 2958 2984 3190 3218 3275 3371 3507 3520 3545 3555 3642 3654 3667 3714 3762 3815 3817 3860 3904 3922 4094 4096 4098 4154 4179 4202 4254 4273 4329 4436 4518 4519 4556 4718 4734 4757 4791 4882 4972 4976 4979 4984 5059 5072 5115 5264 5282 5401
2,6 34 231 450 513 518 661 662 663 685 726 726 731 731 766 830 843 895 1139 1239 1309 1310 1326 1376 1443 1513 1517 1603 1681 1705 1732 1758 1890 1999 2000 2052 2053 2203 2296 2403 2415 2432 2456 2505 2739 2740 2740 2761 2769 2769 2800 2824 2843 2846 2861 2919 3020 3077 3084 3088 3089 3115 3266 3275 3430 3478 3515 3517 3518 3518 3560 3560 3601 3604 3767 3784 3817 3918 4155 4204 4250 4252 4254 4257 4308 4311 4311 4314 4341 4434 4509 4512 4516 4518 4529 4574 4665 4766 4843 4865 5064 5071 5225
6,12 64 65 260 327 328 562 622 666 762 943 956 1006 1006 1064 1103 1109 1132 1192 1333 1362 1416 1427 1480 1622 1631 1815 1878 1942 2004 2157 2157 2223 2258 2285 2287 2288 2291 2292 2321 2493 2547 2614 2786 2842 3040 3051 3145 3168 3176 3190 3198 3202 3202 3280 3376 3380 3383 3394 3400 3400 3401 3495 3497 3538 3557 3601 3719 3817 3887 3892 3925 4059 4063 4138 4202 4245 4298 4428 4516 4575 4575 4628 4631 4733 4738 4775 4791 4810 4858 4860 4962 5064 5186 5302 5302 5397
4,27 93 122 124 158 242 341 440 522 565 677 688 703 710 718 718 766 777 806 835 836 836 846 902 906 961 966 1083 1132 1212 1242 1252 1272 1292 1362 1480 1575 1577 1653 1778 1796 1856 1884 1908 1942 1980 1988 2062 2109 2111 2159 2160 2202 2212 2274 2276 2363 2374 2376 2391 2460 2490 2578 2629 2664 2692 2757 2775 2786 2810 2847 2848 2860 2900 2952 2971 3275 3275 3275 3288 3329 3518 3540 3700 3739 3743 3781 3910 3933 3978 3991 4202 4244 4255 4314 4361 4440 4541 4562 4598 4718 4737 4739 4744 4879 4881 4949 4954 5188 5266 5266 5267 5297 5384 5397
2,71 73 73 224 272 541 541 552 731 731 778 845 906 943 952 961 989 1035 1109 1119 1130 1131 1140 1164 1196 1196 1424 1425 1657 1737 1856 1955 1979 2038 2108 2108 2197 2198 2203 2432 2534 2678 2735 2738 2746 2790 2908 2953 3053 3130 3226 3229 3275 3275 3403 3404 3519 3560 3579 3604 4013 4147 4259 4308 4311 4313 4322 4327 4347 4509 4541 4550 4630 4658 4659 4659 4715 4742 4791 4907 4907 4908 4961 5320
0,4 73 77 78 84 138 234 234 245 278 278 287 440 461 557 705 843 847 924 934 936 936 947 954 955 1000 1005 1012 1025 1086 1125 1132 1148 1181 1181 1219 1220 1222 1230 1311 1339 1354 1376 1394 1397 1399 1401 1427 1469 1488 1499 1598 1710 1715 1719 1863 1885 1905 2001 2001 2258 2269 2326 2328 2365 2419 2692 2739 2742 2837 2853 2854 3067 3176 3273 3275 3275 3429 3490 3491 3519 3521 3733 3771 3779 3832 3849 3860 3874 3914 3940 3953 4036 4060 4124 4125 4134 4242 4253 4253 4255 4255 4273 4329 4338 4361 4362 4383 4447 4501 4503 4505 4505 4516 4518 4531 4533 4718 4725 4730 4743 4766 4803 4825 4860 4868 4910 4926 4972 4972 4987 5110 5135
4,287 291 328 358 392 400 542 583 601 679 766 843 855 1006 1138 1252 1292 1292 1306 1306 1309 1326 1328 1412 1412 1517 1582 1582 1622 1700 1751 2003 2081 2100 2111 2184 2254 2284 2382 2383 2574 2661 2667 2742 2810 2958 3034 3275 3275 3275 3275 3287 3381 3437 3474 3491 3518 3714 3746 3810 3852 3878 3993 3999 4011 4026 4126 4128 4147 4237 4254 4267 4398 4481 4485 4534 4535 4598 4631 4737 4744 4801 4979 4984 5006 5023 5071 5072 5094 5094 5221 5331 5337 5370 5384 5394 5406
6,12 18 73 95 95 177 261 468 469 509 560 662 682 843 911 954 1000 1006 1042 1086 1109 1118 1130 1164 1194 1234 1241 1247 1480 1523 1678 1805 1823 1843 1858 1908 1967 2004 2181 2236 2295 2296 2414 2604 2671 2746 2763 2954 2985 2985 3105 3168 3272 3275 3275 3276 3460 3464 3464 3465 3466 3466 3469 3544 3560 3571 3666 3680 3859 3861 3904 3926 3935 3977 4020 4050 4138 4177 4293 4329 4345 4468 4499 4520 4529 4534 4535 4575 4575 4583 4585 4620 4860 4939 4979 4989 5113 5252 5301 5302 5304 5320
7,2 69 234 234 235 242 287 297 358 429 438 560 570 685 843 864 902 906 937 938 963 1006 1035 1040 1087 1091 1097 1132 1147 1376 1377 1529 1624 1628 1706 1710 1732 1800 1884 1908 2000 2001 2163 2276 2296 2326 2365 2462 2536 2544 2614 2624 2837 2840 2866 2894 3057 3244 3275 3291 3334 3491 3540 3547 3550 3617 3617 3618 3619 3619 3621 3642 3708 3737 3815 3860 3931 4147 4164 4201 4242 4255 4255 4329 4377 4447 4518 4556 4631 4631 4632 4642 4643 4703 4704 4731 4733 4757 4757 4758 4813 4832 4840 4842 4860 4881 4935 4972 4972 5071 5117 5249 5263 5263
3,134 160 160 161 316 367 403 705 706 843 901 1016 1160 1352 1408 1438 1499 1581 1585 1732 1897 1908 1961 2297 2373 2738 2798 2836 3082 3085 3085 3161 3275 3275 3330 3635 3636 3884 3929 4024 4027 4152 4157 4202 4206 4254 4342 4518 4598 4744 4745 4891 4979 5038 5038 5095 5249 5265 5320 5396
5,8 234 287 383 384 509 532 573 843 895 906 982 1006 1050 1097 1125 1210 1211 1219 1410 1410 1411 1517 1561 1624 1627 1833 1864 2100 2202 2358 2703 2778 2803 2925 3185 3218 3434 3491 3547 3548 3733 3789 3797 3819 3859 3897 4038 4147 4250 4253 4255 4436 4447 4505 4518 4703 4789 4836 4865 4888 4972 4972 4973
0,69 78 87 93 234 257 258 287 290 452 468 479 584 718 734 735 888 902 932 1029 1047 1057 1072 1085 1103 1132 1156 1186 1239 1248 1279 1297 1377 1434 1438 1445 1470 1517 1556 1710 1728 1730 1970 1992 2004 2005 2008 2052 2061 2126 2159 2167 2208 2259 2269 2319 2365 2424 2437 2476 2508 2513 2531 2542 2543 2713 2756 2765 2850 2874 2925 2931 2932 2960 3002 3064 3084 3102 3151 3161 3176 3198 3316 3369 3558 3652 3666 3671 3859 3860 3941 3946 4031 4059 4060 4170 4173 4201 4227 4255 4255 4298 4300 4303 4303 4314 4327 4329 4395 4419 4419 4467 4529 4624 4690 4698 4718 4743 4860 4865 4972 4972 4975 5115 5129 5135 5225
0,73 78 201 234 279 301 333 410 469 560 689 732 843 855 904 905 905 908 1047 1219 1220 1284 1390 1448 1449 1491 1581 1582 1582 1630 1738 1772 1802 1807 1838 1863 1863 1905 1908 1939 2000 2000 2001 2100 2110 2111 2163 2202 2202 2258 2310 2326 2354 2374 2415 2422 2437 2437 2604 2605 2710 2713 2757 2816 2837 2932 2944 3014 3083 3161 3191 3475 3490 3491 3522 3789 3812 3859 3954 4038 4038 4125 4134 4138 4155 4202 4227 4242 4254 4255 4409 4516 4527 4574 4632 4703 4704 4718 4718 4718 4744 4791 4882 4972 5116 5125 5126 5223 5241
2,62 198 199 553 603 604 666 724 731 731 766 772 774 866 955 1025 1121 1170 1273 1281 1322 1322 1367 1375 1421 1693 1711 1751 1782 1843 1878 1999 2000 2028 2127 2159 2369 2373 2405 2454 2532 2542 2614 2626 2679 2738 2742 2751 2764 2797 2812 2925 2990 3064 3391 3492 3507 3510 3566 3635 3830 3866 3896 4048 4053 4059 4246 4311 4311 4530 4566 4575 4598 4663 4743 4846 4852 4881 4923 4956 4984 4988 5135 5136 5226 5397
6,189 201 248 248 250 251 419 450 653 671 679 843 897 904 1000 1006 1130 1165 1219 1255 1310 1335 1389 1389 1469 1482 1541 1657 1758 1829 2000 2014 2059 2111 2195 2225 2232 2295 2360 2401 2415 2501 2575 2627 2627 2669 2678 2698 2746 2797 2985 2985 3054 3105 3275 3275 3604 3666 3890 3925 3926 3926 4019 4079 4080 4137 4138 4140 4157 4177 4273 4293 4296 4329 4371 4482 4482 4529 4534 4535 4575 4575 4575 4631 4681 4683 4744 4803 4935 5094 5285 5301 5302 5302 5331 5356
1,34 87 134 134 138 138 153 239 240 242 243 309 333 358 360 367 468 488 494 979 1079 1119 1132 1138 1138 1139 1252 1300 1336 1435 1481 1481 1488 1506 1512 1513 1551 1620 1627 1650 1705 1751 1751 1751 1752 1753 1883 1908 1942 1966 2159 2163 2296 2458 2575 2604 2678 2738 2742 2846 3068 3088 3121 3154 3275 3275 3275 3289 3310 3412 3491 3495 3535 3560 3707 3708 3767 3771 3778 4041 4133 4151 4247 4293 4520 4535 4683 4683 4741 4744 4753 4763 4778 4803 5136 5207 5246 5255 5390 5397
0,78 154 240 311 354 358 382 463 469 599 1083 1084 1093 1165 1263 1397 1481 1582 1734 1863 1884 1956 2415 3081 3232 3275 3275 3278 3427 3491 3540 3546 3569 3576 3668 3700 3773 4017 4047 4086 4110 4129 4155 4202 4206 4255 4255 4319 4489 4535 4770 4972 5058 5137 5221 5257
4,92 124 153 242 394 480 677 680 912 976 978 1006 1027 1079 1138 1195 1212 1280 1292 1292 1575 1751 1795 1863 1866 1942 1948 2023 2111 2153 2202 2289 2289 2290 2374 2376 2456 2742 2810 2814 2849 2859 3173 3275 3275 3535 3551 3991 4155 4172 4355 4473 4573 4575 4711 4718 4730 4744 4803 4822 4897 4949 5030 5094 5171 5375 5384 5397
7,69 73 82 138 170 287 287 290 315 333 384 423 689 831 853 905 906 943 1000 1006 1035 1165 1167 1196 1203 1252 1281 1310 1376 1377 1432 1581 1863 1863 1908 2110 2158 2172 2267 2347 2415 2419 2424 2436 2603 2605 2838 2840 2851 3175 3176 3275 3425 3425 3463 3486 3509 3518 3518 3523 3606 3617 3713 3768 3768 3769 3812 3860 4138 4213 4254 4269 4273 4293 4355 4447 4518 4631 4683 4703 4743 4744 4756 4757 4772 4832 4832 4970 4972 4972 5091 5127 5172 5280
6,80 127 179 383 446 468 469 522 522 541 681 731 815 843 906 954 960 1052 1109 1130 1231 1317 1382 1383 1598 1622 1648 1649 1707 1807 1844 1869 1884 1908 1922 1967 1985 2140 2167 2203 2218 2374 2403 2432 2543 2692 2694 2723 2739 2742 2746 2749 2852 2853 2895 2924 3171 3172 3172 3275 3275 3359 3440 3441 3442 3560 3561 3612 3638 3639 3662 3711 3712 3764 3769 3831 4010 4036 4059 4132 4138 4147 4151 4269 4272 4308 4310 4311 4373 4514 4516 4518 4519 4570 4575 4575 4586 4587 4598 4651 4651 4652 4652 4653 4667 4730 4743 4788 4837 4907 5018 5024 5100 5103 5146 5226 5263 5302 5302 5325
7,83 226 287 393 419 421 469 560 902 906 956 1047 1132 1448 1499 1517 1581 1582 1703 1716 1807 1831 1833 1835 1864 2163 2375 2417 2435 2440 2458 2542 2571 2605 2624 2701 2838 2842 2843 3000 3176 3218 3302 3470 3471 3491 3493 3768 3769 3769 3781 3789 3859 3860 3860 3932 4125 4126 4138 4255 4354 4505 4518 4534 4703 4704 4934 4969 4972 4972 4972 4979 5024 5171 5172 5172 5274
4,240 287 400 519 520 798 807 906 1009 1132 1186 1189 1215 1239 1412 1480 1509 1582 1632 1707 1714 1732 1738 1776 1777 1844 1881 2104 2120 2159 2159 2218 2347 2401 2416 2679 2799 2810 2810 2816 2939 2960 2960 3026 3084 3275 3275 3275 3302 3412 3467 3604 3699 3724 3724 3790 3791 3791 3831 3854 3918 4049 4273 4314 4353 4361 4697 4718 4744 4763 4763 4930 5094 5297 5370 5384
6,63 68 69 71 76 102 106 122 244 246 333 345 384 425 448 449 469 506 560 562 662 669 685 686 688 697 731 738 772 795 902 933 934 1011 1047 1048 1097 1103 1109 1155 1250 1265 1361 1428 1499 1536 1582 1756 1954 1968 2001 2001 2044 2048 2111 2217 2226 2258 2292 2403 2458 2462 2558 2614 2672 2733 2746 2786 2797 2842 2843 2850 2963 2975 3056 3090 3099 3197 3198 3217 3268 3273 3275 3394 3396 3448 3478 3519 3560 3561 3604 3605 3629 3661 3741 3757 3812 3818 3859 3992 4135 4281 4283 4298 4310 4419 4575 4598 4681 4683 4700 4738 4738 4743 4750 4804 4812 4854 4860 4944 4945 4979 5002 5129 5135 5156 5186 5302 5302 5304
3,112 113 143 160 160 366 367 555 779 981 1440 1499 1732 1765 1813 1908 1997 2036 2084 2084 2202 2540 2542 2739 2916 3144 3144 3162 3275 3529 3586 3635 3635 3708 3708 3812 4152 4152 4202 4227 4598 4744 4787 4805 4905 4906 5220 5397
5,4 83 83 227 234 234 240 287 287 287 290 303 307 329 421 421 422 469 489 729 732 734 906 936 962 1035 1047 1066 1125 1181 1267 1377 1449 1512 1581 1609 1710 1782 1831 1833 1833 1858 1864 1939 1949 2000 2001 2002 2145 2163 2208 2229 2230 2258 2259 2311 2379 2414 2415 2416 2435 2510 2512 2660 2763 2851 2924 2932 3176 3275 3475 3647 3707 3708 3733 3789 3793 3812 3860 3916 3931 4060 4125 4155 4253 4254 4255 4326 4354 4380 4470 4505 4518 4520 4535 4616 4631 4703 4744 4757 4803 4972 5024 5046 5125 5129 5163 5172 5207 5263 5296
5,152 240 287 287 343 383 383 449 489 489 614 749 766 790 796 928 979 1132 1362 1376 1376 1377 1512 1517 1628 1678 1680 1710 1817 1825 2038 2050 2100 2308 2364 2369 2374 2409 2605 2615 2679 2713 2924 2925 2957 2965 3042 3047 3050 3275 3275 3297 3593 3677 3733 3831 3859 3963 3998 4147 4157 4164 4176 4273 4342 4362 4411 4570 4631 4634 4634 4703 4703 4861 4884 4972 4972 4975 5065 5094 5095 5115 5129 5177 5274
6,61 72 152 152 153 169 171 173 225 762 843 940 989 1138 1139 1165 1166 1271 1281 1300 1310 1333 1405 1861 1892 1985 2101 2110 2111 2203 2414 2415 2457 2542 2543 2691 2723 2739 2742 2763 2817 2846 3004 3088 3223 3223 3275 3275 3289 3329 3539 3550 3550 3676 3812 3952 3993 3999 4027 4126 4147 4147 4211 4273 4361 4389 4443 4500 4500 4503 4503 4504 4514 4561 4575 4575 4577 4577 4598 4598 4742 4744 4744 4756 4756 4860 4916 4979 5094 5189 5263 5302 5375 5375 5377 5397 5403
2,64 134 136 231 231 385 411 509 513 529 660 661 662 679 731 731 772 774 895 979 1000 1086 1110 1119 1167 1275 1475 1512 1517 1517 1649 1652 1732 2004 2082 2196 2369 2403 2415 2417 2436 2476 2497 2497 2499 2584 2616 2618 2619 2665 2666 2670 2726 2769 2769 2775 2824 2843 2856 2870 2917 2918 2924 2967 3064 3065 3120 3198 3275 3316 3359 3386 3516 3534 3560 3560 3601 3625 3628 3687 3688 3988 4135 4147 4204 4308 4308 4311 4311 4415 4436 4465 4511 4512 4529 4558 4789 4828 4848 4856 4857 5125 5135 5164
1,54 92 138 138 333 333 358 527 586 771 891 1181 1195 1362 1581 1623 1830 1863 1864 1900 1967 2043 2202 2202 2369 2436 2630 2694 2816 2840 3014 3058 3161 3218 3231 3275 3313 3372 3491 3736 3738 3863 4179 4254 4352 4353 4353 4433 4475 4541 4680 4680 4681 4683 4742 4756 4788 4860 5115 5260
0,62 78 203 231 232 237 319 396 396 421 441 483 525 528 532 533 533 667 843 864 902 904 905 906 952 981 1089 1095 1117 1141 1206 1253 1302 1302 1330 1330 1451 1454 1476 1512 1517 1535 1541 1561 1663 1716 1716 1781 1863 2163 2213 2258 2261 2415 2572 2575 2647 2662 2699 2699 2700 2701 2701 2746 2830 2853 2886 2984 3010 3014 3052 3112 3275 3275 3275 3453 3470 3493 3560 3654 3733 3735 3735 3749 3815 3927 3946 3970 4013 4026 4054 4062 4078 4079 4093 4095 4095 4111 4187 4254 4273 4377 4424 4425 4446 4447 4472 4473 4505 4505 4507 4511 4550 4613 4613 4617 4703 4704 4757 4811 4972 4998 5072 5090 5091 5138 5251 5274 5288 5313 5333 5392 5397
7,38 87 234 240 245 278 290 461 533 560 578 657 657 666 729 902 936 936 998 1000 1047 1048 1064 1066 1165 1219 1311 1535 1568 1761 1795 1812 1947 2001 2043 2100 2202 2545 2606 2693 2877 2931 3174 3175 3273 3275 3348 3549 3606 3769 3789 3831 3860 4125 4157 4239 4255 4260 4273 4294 4355 4505 4516 4586 4681 4703 4725 4733 4738 4743 4744 4832 4926 4933 4946 4970 4972 4972 5135 5172 5241 5280
5,30 87 124 211 212 287 287 297 312 312 313 353 358 477 602 825 893 948 1000 1006 1707 1844 1853 1854 1881 1891 2007 2043 2100 2170 2189 2202 2399 2435 2580 2608 2625 2739 2742 2757 2932 3041 3257 3275 3307 3461 3491 3733 3767 3812 3815 3912 3932 3962 4009 4033 4036 4073 4090 4147 4202 4254 4273 4384 4385 4564 4721 4722 4723 4972 4972 4975 5112 5149 5205 5249 5268 5268 5271
5,125 158 232 287 287 384 384 515 632 843 855 864 1011 1011 1036 1280 1314 1377 1377 1381 1401 1453 1499 1526 1544 1627 1665 1706 1732 1734 1833 2111 2310 2672 2694 2699 2853 3161 3176 3218 3275 3275 3297 3359 3393 3519 3707 3733 3735 3830 3837 3849 3859 3860 3860 3994 4078 4147 4227 4273 4518 4518 4535 4668 4668 4703 4703 4787 4882 4972 4974 5046 5064 5091 5097 5163 5207 5397 5404 5404
4,240 469 623 795 795 797 821 830 855 1027 1036 1140 1237 1319 1319 1376 1409 1420 1491 1619 1627 1732 1800 1802 1863 1863 1980 1980 1998 2175 2200 2350 2351 2352 2415 2426 2435 2575 2602 2622 2809 2810 2810 2816 2851 2918 2922 2952 3029 3162 3257 3275 3348 3540 3650 3699 3708 3717 3728 3837 3904 3953 3993 3993 3999 4097 4129 4201 4273 4287 4288 4293 4329 4361 4400 4426 4426 4471 4479 4480 4481 4575 4575 4575 4598 4711 4718 4744 4787 4803 4803 4843 5006 5058 5064 5156 5156 5253 5253 5263 5263 5384 5396
4,105 134 170 171 239 287 287 367 484 485 686 747 748 855 900 901 1220 1239 1277 1281 1297 1517 1531 1585 1707 1732 1843 1898 1899 1908 1943 2007 2023 2104 2104 2203 2261 2435 2458 2608 2672 2739 2799 2800 2810 2842 2922 3082 3124 3161 3162 3275 3491 3504 3708 3733 3771 3836 3890 3953 4000 4094 4129 4147 4194 4194 4227 4273 4314 4329 4344 4603 4616 4733 4743 4744 4787 4821 4840 4843 4878 4959 4967 4970 5027 5221 5370 5384 5384
0,69 78 115 138 234 260 287 287 301 316 319 342 383 391 449 560 572 689 766 795 936 964 991 1036 1326 1338 1361 1376 1412 1436 1700 1710 1729 1805 1863 1865 1885 1944 2001 2007 2203 2208 2258 2259 2394 2415 2521 2531 2617 2753 2853 3040 3041 3174 3175 3176 3237 3275 3412 3433 3473 3491 3812 3825 3860 3894 3920 3937 3965 4125 4147 4227 4259 4298 4299 4481 4519 4598 4598 4683 4743 4744 4772 4796 4840 4972 5006 5129
2,4 124 134 152 162 188 342 350 731 731 957 958 1138 1258 1296 1363 1367 1377 1481 1656 1850 2003 2132 2225 2458 2542 2797 3028 3192 3223 3329 3365 3518 3825 3857 4138 4176 4269 4308 4311 4575 4575 4860 4985 5064 5301 5301 5302
1,126 138 333 469 834 834 876 981 1156 1173 1345 1508 1512 1590 1732 1777 1872 1883 1884 1908 1943 2018 2034 2359 2369 2457 2567 2609 2610 2614 2746 2850 2975 3036 3275 3491 3491 3546 3585 3857 3951 3954 4059 4067 4080 4159 4273 4329 4518 4530 4553 4683 4741 4743 4744 4849 5080 5094 5207 5249
2,4 73 109 135 157 200 201 257 269 270 271 286 287 301 328 385 390 423 541 552 560 671 718 731 731 750 766 806 906 954 990 1086 1132 1138 1178 1239 1240 1281 1377 1390 1512 1513 1517 1517 1581 1611 1617 1691 1732 1800 1836 1872 1908 1955 2037 2152 2229 2259 2319 2360 2362 2379 2380 2403 2415 2638 2655 2661 2739 2790 2840 2852 2984 2985 3013 3029 3030 3084 3098 3108 3110 3182 3275 3280 3352 3412 3472 3560 3578 3579 3581 3667 3767 3832 3863 3865 3883 3941 4003 4062 4082 4084 4095 4122 4134 4147 4192 4202 4230 4308 4310 4311 4311 4329 4516 4575 4575 4583 4598 4598 4630 4718 4718 4743 4745 4779 4903 4907 4957 4979 5046 5050 5065 5072 5320 5363
5,69 234 234 253 283 287 290 328 357 362 449 469 560 653 795 997 1036 1165 1358 1377 1401 1450 1475 1499 1512 1517 1582 1754 1802 1822 1833 1833 1836 1840 1841 1863 1864 1908 2001 2110 2128 2145 2163 2202 2207 2209 2259 2310 2326 2379 2381 2403 2415 2435 2521 2605 2713 2717 2719 2807 2807 2837 2919 2957 2984 3040 3176 3275 3516 3654 3733 3813 3815 3829 3859 3860 3860 3946 3983 4012 4095 4138 4164 4242 4254 4254 4326 4354 4355 4416 4518 4520 4541 4544 4556 4703 4744 4780 4787 4832 4855 4959 4969 4972 4972 4974 4979 5024 5064 5122 5249 5288
0,54 78 122 132 152 358 367 449 572 644 705 745 798 905 968 1010 1035 1036 1085 1103 1195 1239 1297 1327 1376 1377 1438 1480 1499 1549 1574 1706 1707 1731 1732 1802 1805 1807 1822 1822 1863 1863 1863 1908 2084 2202 2296 2353 2400 2406 2421 2435 2534 2557 2557 2598 2600 2738 2739 2778 2778 2905 2919 2922 2956 3129 3161 3181 3275 3275 3292 3297 3313 3372 3584 3605 3611 3612 3617 3638 3728 3737 3738 3775 3832 3841 3931 3953 3954 4006 4013 4031 4036 4080 4114 4147 4184 4202 4227 4273 4481 4483 4533 4535 4598 4631 4680 4718 4803 4840 4843 4865 4924 4934 4971 4972 5033 5058 5058 5059 5207 5213 5221 5375
4,152 279 357 358 360 376 377 837 861 1000 1010 1085 1103 1295 1376 1412 1730 1733 1998 1998 2001 2104 2104 2203 2347 2352 2352 2400 2415 2420 2435 2547 2679 2738 2756 2757 2810 2964 3052 3275 3275 3275 3463 3463 3463 3504 3811 3812 3826 4147 4147 4184 4202 4361 4376 4426 4481 4598 4744 4840 4840 4843 4843 5064 5076 5331 5370 5375 5384
5,30 87 134 232 255 287 287 290 384 491 689 704 705 706 795 843 855 864 997 1239 1239 1281 1309 1364 1499 1512 1525 1554 1555 1576 1581 1582 1704 1714 1732 1833 1833 1835 1908 1931 2182 2374 2420 2432 2596 2694 2699 2719 2822 2922 2925 2975 3040 3045 3176 3218 3275 3275 3330 3545 3697 3699 3707 3708 3733 3831 3860 4147 4202 4227 4254 4255 4273 4361 4518 4535 4669 4681 4681 4733 4803 4843 4972 4972 5024 5024 5043 5129 5135 5136 5225 5321 5396
4,152 167 169 298 353 419 541 566 566 603 603 623 699 750 766 832 897 1132 1215 1276 1414 1476 1622 1697 1700 1702 1776 1777 1861 1872 1882 1908 1955 2000 2001 2131 2142 2175 2204 2241 2401 2742 2742 2810 2820 2848 2878 2901 2922 2955 2975 3264 3275 3275 3275 3279 3283 3289 3301 3332 3387 3450 3452 3492 3518 3518 3551 3843 3927 3993 3993 3999 4026 4057 4227 4273 4377 4398 4398 4446 4480 4485 4598 4602 4631 4744 4744 4761 4761 4840 4843 4843 4887 4970 5057 5062 5064 5065 5156 5162 5328 5384
4,78 101 105 178 287 287 361 443 449 469 572 767 786 787 835 835 836 843 892 926 1027 1063 1103 1174 1239 1239 1274 1310 1333 1339 1368 1382 1412 1419 1499 1508 1649 1682 1776 1788 1800 1802 1817 1844 1861 1908 1913 1925 1943 1967 1978 2100 2111 2121 2159 2203 2235 2258 2310 2330 2347 2347 2348 2349 2406 2406 2407 2431 2738 2810 2810 2925 3018 3036 3084 3184 3275 3275 3326 3326 3491 3496 3540 3551 3811 3946 3946 3962 4013 4025 4147 4157 4202 4233 4235 4236 4314 4377 4400 4508 4534 4535 4616 4644 4644 4663 4667 4672 4712 4922 4931 5006 5120 5249 5384 5385
0,57 78 278 287 307 342 360 422 423 449 469 541 637 718 795 1086 1121 1181 1279 1310 1338 1361 1377 1671 1815 1822 1863 1863 1873 1892 1905 1964 2007 2332 2432 2465 2484 2532 2566 2713 2768 2925 3040 3058 3218 3259 3276 3309 3452 3452 3518 3589 3653 3733 3767 3905 3931 3982 4053 4098 4147 4147 4206 4227 4255 4329 4703 4770 4873 4954 4972 4975 5064 5065 5129 5189
1,64 106 134 138 138 140 191 255 255 303 333 449 469 843 902 909 970 981 981 1006 1097 1135 1177 1181 1219 1231 1582 1582 1584 1628 1629 1650 1661 1707 1781 1786 1796 1802 1808 1809 1833 1833 1835 1908 1922 2001 2202 2277 2415 2436 2440 2441 2456 2536 2607 2717 2816 2867 2914 2957 3035 3054 3084 3099 3218 3275 3374 3387 3541 3642 3669 3769 3786 3829 3831 3844 3855 3860 4055 4151 4163 4183 4209 4219 4243 4273 4329 4446 4447 4565 4631 4632 4634 4683 4704 4743 4787 4805 4837 4882 5042 5169 5274 5378
6,49 59 73 76 109 166 168 222 333 344 467 560 670 718 843 899 1006 1086 1142 1207 1207 1324 1512 1517 1519 1630 1637 1695 1768 1826 1826 1829 1932 1981 2009 2019 2221 2259 2282 2292 2295 2296 2367 2383 2414 2416 2505 2536 2684 2687 2703 2746 2827 2846 2889 2911 2922 2927 2932 2991 2996 3036 3105 3182 3198 3210 3275 3275 3275 3275 3280 3328 3376 3553 3554 3557 3560 3582 3599 3864 3895 3986 3987 4019 4030 4030 4063 4063 4096 4098 4295 4329 4436 4520 4534 4575 4575 4575 4583 4614 4742 4743 4744 4776 4776 4863 4934 4941 4955 4992 5019 5039 5106 5115 5151 5298 5302 5302 5304 5308 5320 5361
2,126 319 333 342 378 426 469 509 541 560 620 689 731 731 752 766 769 772 830 944 997 1006 1055 1064 1138 1140 1199 1214 1242 1363 1366 1376 1376 1377 1377 1491 1499 1533 1614 1642 1655 1676 1705 1735 1738 1751 1820 1828 1854 2000 2003 2064 2074 2248 2313 2347 2351 2379 2387 2400 2435 2483 2505 2573 2592 2605 2623 2639 2681 2709 2742 2746 2846 2847 2912 2950 3024 3027 3088 3088 3180 3192 3194 3275 3307 3309 3311 3336 3427 3505 3517 3518 3520 3563 3604 3612 3639 3813 3859 3993 3997 4060 4155 4308 4308 4311 4311 4313 4387 4418 4430 4479 4575 4575 4575 4577 4655 4763 4786 4833 4843 4907 4979 4984 4985 5048 5060 5064 5105 5135 5140 5179 5187 5191 5286 5301 5301 5302 5304 5409
2,71 72 73 73 125 172 200 201 201 241 242 541 552 654 672 672 688 731 731 739 740 843 979 1000 1003 1006 1037 1119 1230 1420 1499 1602 1667 2185 2292 2292 2415 2558 2665 2723 2746 2773 2798 2925 2925 3017 3036 3054 3064 3101 3275 3336 3515 3518 3560 3604 3697 3701 3925 4030 4030 4032 4095 4217 4259 4304 4308 4311 4311 4347 4516 4516 4522 4526 4575 4581 4648 4847 4848 4885 4907 4979 4985 5088 5129 5136 5345 5375
3,87 152 153 160 160 161 285 367 468 575 614 706 836 872 891 934 968 979 981 1010 1018 1281 1313 1362 1384 1384 1426 1568 1583 1710 1796 1821 1884 1908 1976 1977 1977 2035 2043 2099 2403 2692 2729 2738 2817 3046 3093 3124 3155 3161 3267 3275 3275 3302 3316 3374 3420 3482 3491 3511 3586 3586 3589 3635 3695 3708 3733 3771 3812 3854 3935 3953 4027 4110 4138 4152 4152 4153 4177 4201 4273 4322 4361 4518 4523 4597 4616 4731 4744 4775 4789 4905 4905 5024 5025 5025 5261 5397 5404
1,25 30 54 71 72 73 73 76 122 124 124 134 138 138 140 145 163 164 214 239 242 265 333 357 358 360 366 367 541 552 599 762 940 1088 1119 1119 1132 1138 1139 1299 1300 1315 1326 1328 1393 1512 1517 1582 1584 1620 1621 1622 1627 1628 1709 1710 1751 1782 1788 1879 1880 1883 1907 2200 2203 2390 2421 2435 2495 2503 2542 2548 2549 2604 2738 2739 2742 2761 2775 2775 2817 2895 2919 3014 3045 3068 3121 3275 3275 3290 3329 3329 3488 3490 3491 3494 3635 3635 3636 3707 3765 3901 4001 4292 4400 4410 4438 4516 4520 4527 4534 4545 4556 4602 4667 4683 4683 4743 4744 4753 4791 4803 4819 4954 4976 4984 5076 5207 5207 5220 5397
6,11 30 73 73 92 248 249 328 333 333 353 560 651 679 689 906 939 954 1048 1048 1473 1537 1553 1576 1707 1837 1876 1983 1983 2000 2201 2202 2308 2403 2416 2437 2441 2456 2457 2476 2764 2810 2816 2831 2847 2925 3000 3062 3262 3297 3307 3375 3697 3749 3859 3909 3929 4155 4161 4176 4273 4416 4461 4575 4575 4648 4742 5041 5042 5095 5129 5136 5274 5301 5302
7,69 69 234 234 239 273 278 278 279 287 328 421 461 560 689 729 894 936 997 1035 1047 1047 1097 1101 1311 1312 1397 1402 1404 1448 1512 1710 1796 1863 1908 2001 2103 2163 2326 2403 2521 2605 2614 2630 2762 2837 2917 3162 3191 3218 3273 3275 3309 3336 3491 3520 3556 3560 3606 3606 3708 3718 3733 3789 3815 3890 4125 4242 4254 4255 4257 4273 4452 4518 4520 4529 4631 4683 4704 4725 4743 4763 4787 4803 4832 4832 4910 4911 4926 4946 4972 4972 5172 5240 5249 5274
2,125 138 170 239 358 489 509 571 731 731 766 788 859 909 933 948 951 1012 1087 1132 1134 1169 1199 1221 1240 1376 1377 1420 1420 1515 1517 1519 1551 1563 1694 1710 1710 1788 1943 1963 2192 2193 2379 2382 2401 2404 2478 2575 2635 2746 2763 2965 2972 3084 3084 3119 3275 3364 3395 3412 3415 3468 3518 3601 3604 3787 3812 3814 3815 3894 3932 3960 3993 4011 4106 4198 4206 4291 4298 4298 4300 4301 4311 4311 4314 4318 4322 4361 4393 4411 4414 4435 4436 4467 4516 4571 4575 4586 4661 4682 4743 4797 4843 4843 4861 4861 4959 5000 5064 5065 5301 5330
4,105 211 287 305 316 357 408 422 423 423 449 468 484 485 578 651 924 929 951 1010 1039 1152 1195 1240 1279 1376 1517 1802 1843 1858 2040 2042 2104 2295 2370 2372 2451 2607 2608 2645 2739 2759 2760 2810 2810 2810 2812 2844 3218 3275 3433 3491 3588 3641 3641 3708 3714 3760 3812 3857 3890 3953 3967 3968 3980 3981 3985 4043 4060 4094 4147 4157 4212 4227 4229 4273 4314 4343 4344 4344 4361 4470 4584 4683 4703 4703 4709 4718 4731 4744 4840 4882 4895 4917 4935 5059 5370 5372 5372 5384
0,8 12 30 78 234 287 366 396 449 455 478 597 606 632 653 676 729 854 885 904 1047 1096 1103 1219 1226 1377 1397 1456 1676 1793 1802 1822 1822 1863 1863 1908 1965 2125 2305 2414 2419 2441 2569 2717 2738 2956 2957 3036 3103 3198 3275 3276 3297 3302 3518 3618 3677 3707 3814 3881 3890 4009 4059 4062 4076 4098 4147 4160 4170 4186 4472 4472 4529 4621 4704 4786 4956 4958 4959 4972 4997 5058 5064 5088 5094 5129 5259
6,69 78 81 83 87 261 294 295 529 529 541 558 559 567 653 679 849 997 1004 1006 1219 1225 1241 1512 1517 1710 1756 1804 1805 1829 1840 1842 2001 2037 2048 2266 2414 2424 2437 2456 2479 2605 2614 2660 2669 2680 2710 2745 2817 2932 2985 2985 3052 3105 3110 3134 3275 3275 3275 3297 3308 3359 3601 3667 3673 3740 3864 3904 4019 4062 4062 4063 4063 4080 4095 4098 4138 4157 4249 4273 4330 4436 4447 4467 4525 4575 4575 4649 4668 4708 4774 4775 5094 5302 5356 5399
6,152 152 239 350 438 680 805 843 852 855 951 1088 1103 1138 1228 1310 1594 1850 1880 1947 1964 1989 2038 2073 2149 2253 2453 2454 2456 2542 2543 2737 2852 2888 3275 3275 3329 3497 3854 4003 4020 4151 4273 4334 4335 4335 4336 4420 4500 4500 4500 4575 4575 4584 4742 4803 4860 4865 4979 5302 5375 5377 5377 5378 5402 5405
6,122 181 182 184 199 287 410 427 437 469 560 629 647 653 685 718 906 909 1109 1138 1165 1170 1261 1275 1279 1281 1341 1423 1450 1451 1480 1517 1530 1541 1686 1686 1786 1973 1984 2223 2248 2361 2415 2417 2436 2488 2489 2582 2589 2661 2661 2697 2702 2746 2816 2925 2975 3258 3275 3275 3275 3302 3336 3472 3560 3691 3812 3858 3978 4083 4109 4111 4127 4261 4263 4273 4479 4533 4534 4535 4537 4538 4556 4575 4575 4583 4609 4686 4694 4736 4736 4740 4744 4773 4847 4934 4995 4995 5068 5190 5235 5284 5286 5289 5302 5320 5334 5375
6,12 13 328 328 469 617 634 647 712 718 997 1006 1165 1166 1175 1176 1191 1206 1339 1395 1401 1447 1451 1475 1517 1541 1790 1829 1850 1979 2111 2156 2157 2285 2286 2365 2415 2474 2476 2614 2701 2812 2816 2994 2996 3105 3107 3145 3146 3198 3228 3273 3275 3275 3275 3276 3371 3371 3376 3379 3488 3518 3684 3694 3694 3714 3864 3864 3885 3896 4019 4080 4201 4281 4500 4509 4518 4529 4534 4538 4575 4575 4575 4583 4683 4809 4811 4900 4900 5042 5069 5239 5286 5294 5294 5302 5320
6,13 52 122 169 261 273 325 326 560 560 649 653 661 661 906 1109 1132 1138 1165 1167 1241 1241 1281 1305 1362 1445 1446 1651 1719 1889 1911 1912 1967 2001 2004 2110 2246 2265 2265 2291 2292 2342 2342 2343 2374 2415 2417 2502 2502 2604 2738 2801 2842 2846 2856 2900 2919 3212 3216 3269 3273 3275 3275 3302 3325 3338 3339 3384 3385 4030 4030 4125 4125 4293 4329 4509 4575 4575 4679 4718 4720 4726 4744 4814 4857 4860 4865 4869 4904 4923 4931 4977 4977 5250 5302 5401 5411 5411
0,78 107 112 113 118 122 122 123 261 353 430 449 468 469 685 843 906 1006 1047 1052 1097 1181 1182 1281 1445 1499 1517 1606 1628 1648 1800 1802 1820 1844 1865 1884 1967 2000 2231 2291 2296 2305 2308 2374 2416 2432 2457 2542 2608 2739 2742 2797 2817 2852 2856 2869 2870 2922 2934 3275 3367 3412 3529 3560 3638 3651 3764 3771 3776 3789 3841 3925 4030 4062 4138 4192 4214 4253 4254 4255 4273 4322 4446 4518 4519 4711 4718 4723 4774 4923 4972 5249 5375
0,40 78 287 290 357 383 383 450 489 489 490 666 742 766 795 981 1119 1132 1139 1199 1230 1368 1480 1494 1499 1512 1574 1582 1625 1783 1807 1829 1837 1843 1847 1961 1967 2100 2295 2296 2374 2429 2441 2456 2462 2738 2845 3042 3046 3084 3084 3124 3153 3155 3161 3275 3296 3308 3489 3610 3695 3707 3712 3746 3767 3919 3953 4086 4147 4154 4155 4164 4166 4273 4293 4322 4361 4681 4703 4718 4724 4743 4744 4791 4832 4832 4843 4934 4935 4952 4953 4970 4972 4972 5015 5157 5221 5263 5296 5384 5384
5,4 24 78 89 117 205 256 287 287 360 469 691 704 704 706 706 766 860 932 982 1035 1103 1222 1267 1268 1280 1310 1311 1338 1377 1470 1599 1773 1824 1852 1863 1868 2159 2172 2236 2308 2310 2403 2442 2559 2768 2884 2888 2902 2918 2920 2921 2922 2960 2975 3058 3095 3095 3106 3162 3238 3275 3289 3604 3605 3605 3708 3714 3733 3827 3831 3913 3938 3994 4013 4227 4229 4254 4254 4273 4314 4314 4333 4423 4556 4632 4657 4680 4744 4787 4803 4843 4882 4894 4895 4897 4910 4934 4954 4972 4972 4972 4978 5129 5156 5200 5237 5252 5300 5395 5397 5401
5,89 135 231 287 287 333 382 452 629 630 693 793 822 854 855 863 902 902 944 1030 1133 1164 1230 1392 1479 1512 1532 1581 1581 1582 1585 1706 1747 1879 1967 2000 2100 2106 2159 2325 2325 2371 2374 2414 2416 2456 2514 2516 2699 2835 2869 2918 2960 3025 3055 3162 3176 3275 3374 3462 3491 3491 3638 3704 3707 3733 3738 3771 3841 3960 4027 4054 4077 4134 4138 4138 4147 4202 4254 4255 4271 4273 4293 4320 4354 4354 4374 4505 4505 4590 4645 4681 4681 4703 4763 4779 4882 4935 4972 4972 5169 5172 5208 5299
6,59 73 95 95 109 192 261 270 467 498 529 552 560 899 1006 1010 1086 1109 1207 1241 1254 1332 1512 1517 1614 1637 1700 1710 1732 1786 1804 1843 1981 2001 2022 2225 2285 2292 2292 2366 2414 2458 2459 2480 2701 2703 2746 2770 2781 2911 2927 2992 2993 3022 3070 3182 3198 3204 3275 3275 3275 3376 3379 3379 3551 3557 3604 3614 3674 3864 3898 4030 4059 4062 4063 4084 4084 4098 4134 4138 4177 4224 4329 4436 4534 4575 4575 4575 4583 4648 4744 4791 4943 4969 4997 5006 5064 5106 5302 5302 5320 5362
6,111 158 360 362 460 464 469 564 567 567 767 790 843 1207 1207 1209 1513 1515 1609 1701 1817 1835 1983 1985 2067 2110 2110 2111 2135 2135 2136 2165 2174 2300 2379 2381 2383 2384 2414 2415 2445 2446 2605 2703 2835 3014 3166 3170 3219 3275 3275 3275 3275 3368 3452 3452 3566 3705 3706 3706 3795 3823 3873 4012 4023 4094 4095 4096 4097 4376 4398 4518 4575 4575 4647 4649 4667 4681 4681 4743 4757 4860 5019 5064 5091 5221 5302 5302 5334
1,77 124 134 134 138 333 367 450 468 468 518 855 940 1026 1103 1138 1139 1240 1257 1257 1294 1296 1297 1300 1310 1339 1376 1376 1377 1551 1616 1629 1645 1710 1731 1884 1908 2016 2016 2017 2017 2017 2111 2148 2200 2202 2347 2363 2415 2420 2435 2608 2739 2744 2761 2852 2974 3039 3084 3100 3161 3275 3275 3491 3493 3560 3707 3771 3772 3776 3812 3918 3931 4049 4147 4293 4353 4363 4598 4681 4683 4744 4787 4931 4969 4979
7,317 327 342 359 383 384 490 491 605 864 969 1282 1361 1582 1609 1649 1710 2007 2037 2052 2347 2458 2660 2766 2810 3176 3276 3667 3953 4031 4227 4298 4329 4703 4743 4790 4832 4972 5092 5129
0,78 124 124 169 200 241 287 316 342 364 623 643 644 660 663 679 906 909 1028 1077 1125 1132 1172 1242 1413 1455 1512 1513 1575 1707 1778 1779 1799 2109 2159 2173 2178 2179 2220 2241 2393 2401 2575 2578 2621 2736 2736 2742 2755 2761 2774 2799 2842 3148 3275 3302 3308 3332 3488 3491 3518 3518 3540 3540 3545 3570 3635 3714 3746 3812 3871 3882 3935 3946 3991 4086 4227 4388 4464 4495 4535 4538 4564 4598 4646 4689 4713 4744 4748 4785 4843 4901 4912 4914 4954 4972 4974 4979 5007 5051 5052 5122 5135 5155 5311 5393
7,88 239 343 383 383 384 384 423 449 491 545 663 684 743 768 795 846 909 921 954 1133 1153 1203 1255 1270 1376 1460 1570 1575 1595 1628 1693 1700 1710 1734 1782 1810 1829 1829 1870 1904 1908 2089 2110 2119 2276 2308 2364 2401 2404 2422 2429 2471 2560 2574 2635 2768 2846 2922 2965 2974 3031 3040 3151 3275 3275 3334 3421 3471 3491 3609 3728 3733 3787 3859 3960 3964 3965 3966 4035 4059 4081 4101 4147 4206 4227 4273 4298 4298 4300 4393 4411 4412 4422 4433 4468 4541 4616 4718 4728 4743 4743 4787 4803 4832 4861 4861 4862 4878 4884 4956 4972 4972 4979 5006 5015 5015 5059 5330 5397 5398
6,69 69 73 169 244 270 305 327 327 492 530 562 641 660 792 897 1003 1006 1109 1132 1220 1512 1536 1553 1568 1716 1741 1755 1763 1786 1806 1837 1876 1909 2004 2008 2048 2287 2291 2292 2365 2374 2403 2415 2437 2474 2476 2488 2543 2614 2617 2703 2786 2791 2843 3174 3197 3198 3198 3248 3271 3273 3273 3275 3371 3374 3380 3389 3400 3400 3531 3532 3532 3532 3557 3638 3675 3675 3694 3718 3812 4023 4062 4063 4138 4281 4293 4541 4575 4575 4668 4669 4700 4700 4744 4781 4845 5095 5301 5302 5302
6,64 69 71 95 220 334 383 405 433 469 560 562 711 792 881 963 997 1048 1109 1151 1227 1415 1447 1517 1651 1743 1746 1905 1954 2048 2190 2194 2202 2213 2213 2214 2214 2215 2238 2285 2286 2291 2374 2414 2470 2473 2474 2479 2543 2615 2642 2671 2672 2786 2791 2947 2968 2985 3168 3175 3176 3198 3198 3271 3273 3387 3467 3572 3605 3725 3799 3812 3822 3887 3898 4018 4062 4063 4124 4125 4138 4161 4176 4300 4309 4329 4461 4516 4534 4540 4544 4575 4575 4619 4683 4805 4830 4859 4860 4970 5085 5085 5187 5302 5302 5304 5353
6,12 151 152 360 425 623 693 843 875 909 1014 1032 1038 1138 1274 1281 1452 1701 1844 1967 1975 2007 2067 2100 2141 2204 2243 2248 2347 2363 2417 2445 2446 2446 2456 2557 2574 2605 2738 2739 2739 2798 2799 2826 3021 3022 3166 3166 3167 3231 3275 3275 3275 3284 3524 3565 3692 3795 3811 3823 3895 3932 4004 4004 4097 4098 4155 4177 4227 4361 4534 4570 4575 4575 4578 4617 4617 4681 4683 4686 4712 4744 4979 4979 4984 4984 5006 5156 5159 5302 5334 5335
0,47 62 78 85 87 109 138 195 270 287 450 468 538 718 731 832 904 997 1052 1097 1103 1132 1243 1475 1517 1555 1574 1628 1728 1732 1793 1802 1863 2797 2798 2864 2919 2970 3040 3190 3350 3522 3737 3738 3753 3759 4030 4114 4253 4254 4538 4611 4648 4649 4680 4680 4704 4744 4787 4972 5061 5226 5366 5366
2,13 71 231 238 240 336 341 353 389 454 512 534 660 662 723 730 731 731 731 766 772 806 895 1011 1011 1056 1114 1115 1310 1614 1677 1807 1844 1884 1908 1926 1967 1983 2037 2047 2051 2087 2111 2239 2248 2260 2295 2311 2316 2317 2335 2336 2369 2454 2605 2628 2808 2812 2817 2825 2834 2840 3075 3125 3248 3275 3275 3512 3518 3518 3524 3566 3604 3700 3721 3733 3812 3836 3931 3996 4157 4306 4308 4311 4311 4533 4744 4829 4843 4916 4935 4956 5226
0,5 16 78 109 152 287 606 608 608 718 718 864 905 908 954 1011 1086 1133 1138 1311 1316 1339 1377 1475 1517 1614 1710 1731 1822 1822 1837 1863 1863 1908 1979 2003 2163 2259 2294 2295 2307 2351 2353 2354 2557 2744 2869 2898 2925 3017 3161 3181 3245 3275 3275 3470 3471 3491 3560 3600 3602 3612 3733 3932 3941 3946 3960 4006 4030 4077 4095 4147 4200 4254 4296 4329 4355 4404 4472 4483 4574 4630 4631 4681 4703 4718 4756 4860 4934 4972 5045 5125 5137 5147 5197
0,4 78 78 107 122 134 140 279 287 333 421 469 471 576 686 766 904 905 908 997 1000 1006 1064 1138 1198 1230 1252 1377 1512 1535 1585 1656 1706 1707 1771 1776 1781 1793 1807 1863 1908 2041 2041 2042 2072 2150 2163 2172 2330 2414 2415 2416 2441 2605 2713 2717 2922 2956 2957 3161 3248 3275 3329 3425 3455 3749 3758 3776 3897 4013 4059 4134 4147 4163 4210 4255 4409 4469 4505 4505 4515 4516 4556 4574 4703 4704 4718 4718 4723 4730 4757 4839 4882 4935 4972 4972 4979 4997 4998 5041 5135 5138 5288 5392
2,15 127 129 130 328 440 511 660 720 725 731 731 766 830 944 1000 1071 1321 1361 1363 1366 1367 1377 1389 1491 1495 1546 1700 1727 1787 2004 2028 2028 2159 2403 2411 2416 2456 2457 2672 2925 3094 3286 3351 3507 3603 3639 3744 3827 3889 3897 3899 4134 4135 4139 4298 4308 4311 4311 4637 4711 4957 5061 5229 5350
6,109 131 134 140 156 248 248 249 249 250 323 560 622 862 881 882 883 979 1020 1130 1137 1138 1139 1165 1195 1227 1275 1292 1418 1419 1421 1451 1517 1544 1614 1628 1701 1710 1731 1829 2005 2038 2100 2238 2292 2330 2414 2415 2447 2474 2488 2589 2617 2659 2659 2661 2739 2852 2925 2946 2984 3014 3058 3105 3197 3275 3275 3275 3359 3376 3519 3555 3560 3560 3604 3693 3715 3716 3723 3746 3857 3909 3909 3931 3995 4019 4030 4054 4078 4147 4163 4263 4273 4492 4541 4575 4575 4631 4654 4769 4769 4816 4860 5061 5094 5302 5302 5336
3,122 123 160 160 160 161 181 181 240 252 449 468 718 762 812 855 972 1086 1088 1103 1138 1139 1280 1310 1352 1403 1429 1467 1468 1468 1578 1706 1730 1733 1749 1750 1765 1788 1844 1884 1885 1961 1961 1969 2035 2076 2159 2168 2261 2575 2738 2764 2768 2852 2853 2923 3155 3275 3275 3295 3305 3309 3431 3435 3573 3575 3635 3733 3826 3940 4147 4152 4152 4155 4155 4227 4272 4293 4293 4516 4554 4631 4741 4741 4743 4744 4791 4823 4867 4878 4910 4910 4979 5135 5242 5330 5334
0,54 78 107 134 276 287 288 421 450 741 741 902 906 1089 1095 1252 1450 1475 1529 1724 1725 1732 1800 1807 1863 2163 2259 2330 2403 2414 2415 2477 2478 2485 2605 2984 3275 3491 3606 3654 3737 3738 3769 3812 4054 4273 4291 4323 4436 4467 4472 4507 4507 4528 4556 4680 4680 4683 4703 4744 4757 4832 4843 4972 5064 5065 5172
2,0 58 73 73 75 126 231 242 307 362 481 497 502 603 618 660 661 731 731 773 778 949 1006 1006 1109 1119 1130 1131 1139 1275 1430 1512 1538 1649 1678 1807 1807 1920 1935 1967 2021 2037 2048 2051 2110 2110 2111 2186 2252 2291 2299 2415 2488 2574 2574 2604 2694 2739 2746 2771 2773 2779 2818 2830 2852 2924 2985 2985 2995 2998 3014 3036 3036 3037 3110 3110 3273 3275 3275 3275 3275 3296 3297 3336 3509 3524 3564 3564 3565 3677 3679 3996 4012 4041 4054 4078 4134 4135 4136 4137 4147 4164 4164 4180 4308 4308 4311 4347 4347 4359 4421 4534 4535 4608 4670 4752 4812 4829 4979 4979 4989 5006 5064 5129 5345 5345 5408 5410
5,122 287 287 358 366 476 704 763 766 795 795 812 869 1010 1086 1088 1136 1240 1252 1294 1319 1377 1420 1463 1582 1668 1669 1794 1799 1811 1843 1844 1855 1859 1860 1907 1908 1996 2100 2553 2562 2632 2763 2803 2803 2887 3040 3091 3093 3257 3275 3302 3318 3323 3323 3412 3483 3485 3733 3734 3812 3841 3930 4020 4147 4169 4177 4256 4314 4348 4361 4420 4447 4469 4535 4541 4566 4615 4631 4686 4690 4741 4744 4746 4746 4747 4787 4843 4843 4917 4972 4974 5049 5134 5259 5295 5375 5384 5401
7,113 114 152 287 301 353 366 469 471 676 695 795 810 853 886 968 969 997 1006 1085 1103 1132 1195 1222 1239 1240 1278 1282 1310 1338 1361 1438 1591 1614 1666 1667 1701 1703 1710 1885 1908 1947 1976 2007 2432 2558 2601 2694 2713 2764 2840 2905 2918 3036 3163 3275 3329 3358 3638 3655 3812 3859 3913 4031 4108 4113 4147 4151 4155 4202 4227 4245 4303 4361 4446 4447 4587 4631 4632 4787 4789 4832 4843 4972 4972 4974 5222 5225 5323
3,87 113 114 160 160 160 357 366 367 401 402 421 509 546 546 555 704 706 777 855 942 982 997 1010 1082 1098 1104 1149 1282 1307 1376 1499 1608 1625 1778 1796 1843 1860 1872 1872 1885 1947 1961 1999 2040 2071 2250 2369 2374 2412 2524 2547 2574 2775 2797 2799 2853 3093 3127 3128 3160 3275 3275 3395 3482 3484 3484 3491 3572 3586 3586 3635 3733 3763 3771 3773 3806 3806 3807 3924 3932 3946 3947 4027 4152 4152 4202 4207 4273 4314 4349 4350 4361 4469 4518 4535 4744 4744 4892 4923 4979 5290 5371
0,78 177 177 234 234 450 525 607 608 608 766 837 855 954 955 1009 1132 1135 1164 1164 1220 1220 1229 1239 1291 1450 1454 1512 1609 1812 1908 1937 1939 2147 2203 2296 2414 2435 2479 2603 2617 2738 2738 2817 2847 2898 3275 3275 3275 3371 3456 3491 3584 3588 3597 3654 3714 3746 4038 4038 4060 4086 4147 4147 4198 4202 4207 4382 4592 4598 4704 4743 4744 4744 4753 4757 4757 4789 4871 4882 4972 4972 5064 5071 5334 5404
6,62 63 107 120 122 142 166 196 327 541 541 595 679 801 994 995 1451 1475 1710 1730 1850 2137 2203 2248 2278 2293 2437 2488 2488 2590 2847 2852 2893 2910 2922 2929 2932 2976 2976 2987 2997 3014 3070 3071 3247 3275 3275 3308 3492 3560 3643 3799 3800 3812 3849 3863 3864 4030 4063 4079 4089 4094 4273 4509 4554 4575 4575 4743 4744 4787 4894 4902 4907 4907 4963 5302 5302 5365
1,77 138 333 333 333 352 353 449 510 518 811 955 968 997 1088 1098 1098 1099 1275 1310 1310 1328 1362 1501 1502 1581 1581 1582 1585 1585 1648 1762 1776 1776 1967 2202 2202 2218 2302 2369 2374 2433 2457 2630 2692 2738 2816 2816 2924 3488 3535 3783 3896 3948 4091 4212 4229 4598 4683 4744 4862 5161 5207 5216 5259 5342 5343 5344
7,22 30 69 118 162 162 201 287 287 290 410 430 509 560 660 662 718 734 830 1281 1366 1367 1367 1377 1495 1499 1555 1728 1843 2001 2291 2335 2403 2414 2415 2416 2435 2453 2453 2454 2660 2708 2765 2924 2925 3036 3168 3176 3181 3181 3519 3545 3635 3651 3666 3812 3890 3895 3897 3913 4063 4097 4147 4155 4176 4253 4254 4257 4298 4314 4314 4329 4447 4447 4632 4735 4832 4860 4865 4878 4972 4972 4979 5064 5087 5115
5,92 169 287 287 287 333 333 358 383 766 769 855 872 981 982 1035 1091 1103 1220 1296 1376 1376 1554 1728 1790 1796 1812 1817 1946 2007 2275 2401 2435 2435 2456 2608 2630 2843 2922 2932 3160 3275 3276 3289 3493 3540 3540 3545 3546 3550 3638 3666 3733 3814 4156 4227 4229 4273 4329 4361 4362 4447 4447 4470 4572 4598 4598 4598 4638 4681 4681 4882 4884 4884 4935 4972 4975 5006 5024 5024 5098 5315
4,287 366 370 484 795 853 861 931 1010 1035 1036 1103 1132 1146 1215 1319 1376 1377 1412 1412 1582 1732 1776 1843 1908 2042 2104 2435 2534 2580 2614 2672 2739 2810 2810 2815 3162 3213 3275 3307 3665 3708 3728 3812 3841 4034 4147 4202 4227 4481 4493 4518 4520 4535 4556 4566 4632 4718 4743 4744 4840 4843 4918 4979 4984 4996 5110 5111 5112 5220 5222 5296 5384 5384
3,20 112 113 134 160 160 239 240 298 328 367 494 576 623 704 705 766 884 884 909 1135 1166 1281 1281 1333 1362 1438 1439 1499 1512 1575 1731 1732 1734 1908 1999 2007 2071 2093 2159 2203 2205 2258 2369 2373 2374 2416 2461 2513 2574 2660 2692 2717 2739 3004 3124 3151 3275 3275 3516 3529 3635 3812 3918 4152 4152 4154 4227 4293 4358 4361 4415 4534 4567 4598 4631 4650 4744 4745 4899 4937 5041 5136 5256 5256 5397 5404
3,69 87 124 160 160 338 358 367 397 410 563 785 802 908 1512 1517 1578 1710 1732 1802 1814 2172 2202 2422 2642 2678 2738 2763 2816 3041 3045 3168 3168 3275 3481 3771 3831 3846 3846 4037 4037 4038 4038 4065 4152 4152 4152 4202 4227 4249 4254 4557 4574 4723 4744 4839 4860 4860 5249 5256 5256 5366
2,64 72 73 157 190 314 328 328 343 468 509 560 560 580 609 666 731 731 731 772 772 865 1000 1029 1119 1334 1339 1361 1362 1363 1366 1389 1390 1445 1445 1445 1446 1517 1578 1642 1676 1710 1739 1796 1807 1876 1903 1905 2000 2023 2029 2037 2051 2051 2113 2159 2202 2292 2400 2403 2431 2456 2456 2458 2479 2543 2614 2652 2708 2746 2765 2804 2810 2816 2843 2844 2925 3002 3060 3061 3064 3141 3168 3188 3197 3198 3216 3275 3331 3403 3487 3502 3601 3859 3906 3925 3926 3978 4062 4134 4135 4136 4137 4138 4161 4282 4298 4298 4308 4310 4311 4311 4315 4517 4520 4726 4743 4795 4843 4860 5031 5065 5134
4,12 92 108 130 152 158 267 363 366 456 523 524 651 652 704 705 706 793 830 995 1013 1057 1199 1216 1252 1254 1266 1281 1282 1428 1496 1499 1517 1527 1634 1678 1681 2241 2311 2352 2353 2444 2446 2614 2616 2630 2653 2688 2692 2742 2757 2761 2906 2928 3004 3012 3019 3071 3082 3160 3248 3275 3275 3348 3409 3565 3570 3579 3581 3583 3650 3655 3655 3744 3811 3828 3856 3900 3918 3957 4001 4012 4094 4156 4179 4201 4314 4361 4632 4638 4672 4743 4744 4755 4757 4939 4976 4983 5039 5083 5083 5093 5121 5177 5384 5396 5397 5401 5402
4,35 200 240 287 287 290 333 358 538 576 747 767 906 1005 1103 1207 1207 1352 1370 1438 1517 1628 1706 1789 1834 1876 1876 1908 1983 2010 2017 2038 2038 2100 2172 2299 2415 2810 2811 2844 3017 3031 3163 3275 3429 3638 3733 3860 4130 4147 4151 4212 4227 4361 4377 4447 4481 4518 4731 4742 4744 4882 4884 4965 4965 4979 5154 5351 5384 5384
1,42 48 103 134 138 138 240 333 450 501 754 755 760 834 1064 1132 1245 1275 1356 1406 1461 1732 1831 1835 1872 1983 2202 2258 2326 2432 2462 2466 2466 2560 2739 2816 3040 3275 3275 3467 3503 3515 3642 3733 3931 4027 4202 4254 4273 4454 4518 4681 4683 4683 4703 4744 4753 4787 4860 4884 4960 4960 4979 5006 5207 5274
2,125 469 561 731 731 772 774 906 961 1006 1076 1092 1092 1109 1130 1131 1220 1254 1490 1599 1614 1807 1905 1933 1981 2037 2210 2249 2579 2746 2797 2821 2856 2985 2985 3033 3071 3107 3198 3273 3275 3275 3536 3604 3638 4041 4078 4079 4125 4177 4201 4204 4311 4311 4322 4530 4632 4667 4759 4812 4860 4923 4979 5014 5031 5032 5232 5244 5279 5412
1,43 73 138 138 233 242 252 317 333 382 410 410 619 642 666 678 754 758 759 760 771 913 980 1001 1012 1132 1161 1190 1328 1353 1401 1416 1540 1581 1582 1585 1666 1714 1734 1776 1780 1807 1811 1817 1863 1900 1908 2026 2163 2379 2462 2922 2922 3127 3132 3168 3275 3275 3387 3519 3520 3591 3638 3812 3841 3954 3998 4059 4179 4201 4201 4210 4227 4249 4254 4292 4293 4294 4353 4393 4437 4535 4536 4620 4683 4683 4685 4735 4736 4744 4757 4820 4860 4895 5001 5003 5129 5160 5177 5207
1,61 73 73 138 138 139 333 333 334 358 367 761 843 846 897 915 1006 1006 1119 1119 1138 1273 1454 1560 1560 1620 1624 1706 1710 1732 1772 1955 2100 2203 2311 2374 2414 2415 2416 2547 2709 2715 2715 2716 2742 2742 2816 2919 2922 3021 3105 3275 3275 3275 3276 3411 3560 3560 3635 3635 3714 3731 3812 3816 3837 3872 4134 4177 4255 4261 4273 4563 4566 4656 4662 4674 4681 4683 4691 4692 4721 4737 4744 4756 4757 4787 4803 4921 4979 4984 5042 5181 5376
6,16 152 422 519 547 581 686 692 704 778 798 824 846 1060 1219 1281 1310 1319 1412 1417 1424 1450 1475 1627 1657 1733 1800 1947 1982 1985 2067 2110 2111 2202 2248 2318 2428 2445 2446 2446 2816 2846 2902 2919 2922 2925 2970 3070 3071 3081 3082 3092 3093 3151 3166 3229 3275 3275 3317 3353 3520 3560 3791 3791 3802 3856 4078 4110 4138 4141 4232 4245 4310 4314 4534 4575 4575 4681 4685 4744 4843 4852 4931 5064 5199 5302 5302 5337 5366 5370
5,138 140 181 181 287 287 299 358 383 383 384 422 471 534 572 738 794 883 1000 1049 1058 1096 1123 1124 1126 1165 1181 1181 1280 1386 1512 1517 1517 1535 1584 1584 1585 1706 1732 1777 1907 2004 2419 2435 2524 2581 2582 2714 2787 2850 2932 3097 3097 3176 3275 3309 3491 3712 3733 3738 3748 3771 3849 3860 4013 4038 4038 4060 4094 4147 4201 4254 4273 4285 4505 4520 4680 4756 4756 4787 4934 4972 4972 4975 4975 5110 5110 5135 5163 5275
6,65 85 244 261 327 333 425 468 471 541 562 687 711 882 957 1025 1064 1097 1109 1363 1475 1581 1582 1614 1622 1648 1878 1908 2004 2070 2080 2223 2223 2285 2287 2291 2292 2308 2374 2403 2417 2482 2614 2660 2703 2730 2738 2745 2753 2763 2797 2843 2924 2925 2966 2985 3061 3072 3073 3176 3190 3198 3198 3376 3376 3380 3380 3399 3413 3560 3566 3613 3638 3888 3906 3925 3931 4063 4071 4120 4125 4134 4135 4136 4138 4140 4149 4293 4298 4303 4329 4330 4444 4575 4578 4683 4703 4743 4787 4791 4825 4860 4865 4961 5037 5263 5302 5302
1,124 134 134 134 138 153 333 333 367 648 900 1017 1138 1139 1287 1310 1352 1401 1582 1728 1733 1760 1827 1827 1975 2202 2202 2310 2435 2435 2536 2672 2799 2816 2816 2839 2987 3040 3067 3068 3082 3121 3161 3213 3213 3275 3275 3275 3432 3491 3524 3586 3586 3707 3707 3874 3932 4058 4059 4108 4171 4201 4202 4207 4207 4227 4285 4285 4286 4293 4329 4357 4631 4681 4683 4717 4744 4791 4979 5131 5347 5397
6,6 172 214 292 340 340 357 360 419 534 556 594 622 622 688 731 854 972 997 1109 1121 1165 1274 1275 1281 1310 1331 1454 1707 1762 1844 1971 2100 2163 2165 2183 2246 2248 2395 2415 2429 2604 2840 3071 3139 3275 3275 3275 3297 3307 3308 3359 3382 3445 3519 3560 3565 3744 3767 3821 3867 3969 3970 3994 4023 4079 4120 4147 4314 4575 4575 4575 4639 4696 4744 4757 4878 4979 5040 5041 5042 5091 5138 5221 5226 5288 5302 5302 5302
0,55 71 78 333 367 376 421 468 469 471 678 830 876 905 944 998 1156 1156 1157 1219 1333 1458 1512 1679 1707 1732 1776 1778 1781 1786 1802 1805 1808 1863 1866 1943 1950 1960 1961 1967 2137 2163 2258 2259 2369 2374 2415 2430 2455 2456 2494 2514 2515 2518 2614 2713 2713 2763 2850 2850 2851 2864 2872 2895 2925 2928 3037 3175 3257 3275 3275 3293 3294 3335 3412 3509 3522 3812 3832 4207 4227 4255 4272 4273 4598 4598 4599 4684 4718 4730 4763 4777 4821 4843 4932 4972 4972 4974 4993 5034 5035 5036 5095 5135 5170 5242 5254 5267 5380
1,138 333 362 819 902 902 906 982 1109 1113 1113 1156 1156 1197 1254 1309 1483 1560 1567 1585 1608 1618 1664 1751 1776 1781 1908 2038 2111 2144 2203 2324 2324 2325 2330 2379 2436 2456 2571 2648 2739 2817 2850 2850 2869 2897 2908 2958 2971 3014 3099 3161 3161 3275 3275 3550 3550 3551 3638 3695 3707 3707 3740 3771 4013 4039 4164 4206 4273 4407 4518 4534 4683 4734 4780 4831 4882 4935 5006 5360 5370 5372
4,77 80 138 287 287 301 360 367 525 637 718 766 795 951 1103 1239 1240 1384 1412 1454 1499 1519 1703 1732 1836 1844 1955 1966 1967 1986 2007 2139 2139 2164 2575 2602 2605 2616 2696 2738 2761 2810 2813 2816 2860 2894 2897 2919 2922 3019 3040 3124 3161 3275 3275 3392 3416 3518 3533 3540 3547 3595 3744 3794 3812 3832 3841 3903 3903 3908 3944 3946 3999 4011 4086 4097 4129 4147 4155 4329 4376 4450 4535 4631 4681 4683 4733 4743 4744 4784 4791 4843 4956 4959 4967 4986 4986 5024 5047 5078 5195 5384 5384
4,57 72 135 170 174 194 240 296 316 385 476 496 575 583 623 660 706 706 718 789 833 907 1198 1199 1257 1310 1319 1344 1348 1366 1366 1438 1459 1480 1487 1512 1559 1574 1577 1582 1651 1771 1795 1797 1855 1863 1914 1918 2001 2007 2087 2109 2110 2158 2159 2164 2179 2262 2262 2347 2347 2374 2379 2380 2382 2403 2417 2577 2578 2611 2688 2742 2742 2810 2859 2885 3034 3086 3113 3115 3131 3159 3275 3289 3300 3308 3412 3452 3483 3485 3492 3495 3518 3530 3545 3635 3697 3811 3831 3875 3965 3991 3993 3993 4196 4228 4234 4267 4347 4372 4391 4415 4440 4479 4575 4598 4601 4623 4650 4689 4737 4744 4783 4948 4949 4954 4959 5030 5055 5064 5134 5224 5346 5375 5384
6,49 73 135 192 209 261 351 541 679 710 713 715 896 949 1001 1139 1164 1164 1196 1196 1219 1261 1517 1526 1657 1714 1980 1983 2166 2174 2414 2476 2481 2485 2731 2731 2732 2738 2790 2817 2843 2852 2929 2977 3198 3275 3275 3472 3784 3787 3864 3868 4030 4030 4083 4084 4231 4272 4329 4432 4459 4516 4518 4575 4575 4583 4742 4744 4876 4876 4889 4907 4908 4960 4964 5302 5320 5331 5365
0,78 287 367 369 370 376 383 384 404 423 489 676 745 752 806 879 1070 1103 1125 1132 1239 1376 1412 1453 1555 1732 2000 2332 2347 2415 2416 2462 2742 2840 2918 2919 3161 3275 3346 3491 3699 3728 3834 3849 3863 3939 3953 4013 4041 4094 4147 4147 4253 4314 4325 4329 4426 4718 4718 4811 4843 4843 4877 4882 4931 4934 4967 4972 4972 4974 4979 5207 5213 5228 5263 5263 5310
0,78 78 109 169 198 201 362 803 855 858 902 902 981 1065 1065 1219 1252 1253 1362 1497 1512 1560 1782 1908 2076 2076 2100 2100 2202 2295 2347 2420 2432 2462 2536 2542 2562 2678 2692 2750 2816 2817 2866 2869 2918 3007 3041 3042 3161 3275 3452 3452 3453 3490 3491 3540 3677 3771 3820 4012 4024 4053 4094 4147 4155 4155 4227 4367 4367 4565 4565 4740 4744 4882 4882 4934 4972 4972 4974 5026 5123 5162 5176 5185 5188
2,49 223 240 337 517 660 661 731 731 772 1230 1438 1805 1807 2051 2115 2180 2180 2230 2310 2403 2415 2424 2437 2439 2457 2671 2739 2967 3103 3111 3275 3275 3297 3374 3446 3551 3659 3667 3868 3889 3925 3926 4135 4136 4137 4138 4147 4311 4311 4329 4330 4461 4856 5062 5064
3,160 160 160 353 476 476 764 855 909 944 1149 1362 1401 1435 1648 1648 1702 1733 1884 1967 2007 2202 2369 2374 2403 2427 2428 2432 2432 2562 2575 2615 2738 2922 3004 3020 3254 3275 3275 3494 3546 3575 3635 3830 3832 3836 3885 4025 4147 4152 4152 4227 4258 4273 4314 4329 4361 4391 4391 4391 4733 4740 4744 4787 4790 4891 5135 5164 5188 5256 5256 5266 5266 5404
2,73 81 83 87 122 127 353 356 389 471 477 511 731 731 731 772 774 774 843 906 961 961 985 996 1011 1045 1110 1111 1130 1131 1144 1147 1308 1310 1317 1474 1576 1642 1648 1649 1650 1717 1717 1721 1722 1723 1731 1773 1979 2004 2049 2051 2203 2208 2296 2533 2549 2592 2708 2710 2746 2746 2844 2948 3031 3275 3275 3297 3386 3438 3560 3578 3580 3672 3700 3740 3831 3908 4045 4046 4119 4123 4129 4177 4202 4259 4273 4309 4311 4311 4322 4324 4347 4535 4705 4743 4744 5003 5025 5178 5397 5398
2,61 73 73 107 114 360 450 731 731 747 766 766 864 1006 1021 1109 1119 1130 1139 1255 1262 1300 1377 1390 1419 1420 1420 1499 1576 1578 1703 1710 1731 1733 1759 1776 1947 1973 2003 2007 2163 2202 2307 2319 2352 2401 2415 2435 2460 2574 2578 2746 2798 2799 2816 2817 2887 3229 3275 3275 3336 3491 3560 3733 3767 3771 3812 3830 3862 3877 3893 3956 3956 3957 3959 4025 4059 4146 4156 4157 4208 4259 4308 4308 4311 4311 4314 4329 4481 4575 4575 4664 4711 4743 4744 4804 4840 4843 4853 4899 4969 5296 5301 5386 5396 5404 5404
3,31 160 160 161 333 338 338 358 359 397 468 480 855 908 981 1334 1517 1582 1811 1896 1905 1908 1924 1963 2004 2083 2172 2205 2261 2296 2373 2385 2428 2435 2605 2641 2816 2836 3124 3168 3275 3307 3481 3491 3638 3771 3846 3846 3924 3932 3955 4037 4037 4038 4038 4147 4152 4152 4207 4227 4249 4249 4255 4273 4464 4557 4557 4574 4598 4672 4718 4723 4724 4744 4787 4839 4860 4884 5144 5366 5397
0,12 63 67 71 73 78 109 200 234 278 327 472 560 632 666 681 906 915 936 1009 1044 1047 1066 1162 1163 1164 1265 1334 1334 1339 1470 1489 1517 1590 1670 1671 1710 1781 1811 1939 1943 2001 2083 2083 2098 2238 2292 2326 2403 2414 2437 2443 2703 2710 2719 2764 2837 2929 3373 3490 3556 3654 3677 3801 3803 3931 4059 4242 4254 4260 4273 4516 4566 4631 4632 4681 4695 4742 4750 4753 4791 4860 4938 4938 4951 4972 4972 4974 4979 5091 5102 5135 5259 5370
4,170 367 549 603 623 623 625 664 679 680 806 830 909 1274 1326 1365 1366 1517 1563 1609 1633 1646 1681 1699 1764 1771 1794 1861 1979 2000 2084 2110 2123 2129 2379 2384 2401 2415 2421 2485 2742 2742 2810 3082 3156 3158 3275 3275 3275 3332 3419 3419 3457 3517 3518 3581 3664 3825 3882 3918 3993 4091 4097 4147 4202 4238 4277 4405 4481 4524 4534 4578 4598 4631 4744 4744 4771 4825 4840 4843 4843 4956 4979 5000 5063 5064 5071 5078 5165 5370 5384
4,87 152 290 302 332 342 435 459 566 566 603 603 624 706 843 893 951 1134 1238 1240 1358 1377 1477 1514 1517 1551 1745 1765 1832 1861 1880 1979 1984 2007 2088 2137 2159 2159 2162 2177 2234 2323 2374 2604 2629 2640 2660 2677 2706 2741 2742 2742 2768 2810 2829 2959 3071 3084 3093 3285 3329 3452 3453 3561 3635 3812 3830 3854 3854 3952 3966 3978 3979 3989 3993 3993 4101 4147 4202 4279 4298 4299 4329 4390 4397 4405 4541 4575 4802 4843 5064 5105 5206 5370 5370 5370 5373 5384 5385 5401 5401
6,73 73 78 87 130 157 280 281 374 425 426 428 449 462 468 582 633 648 689 766 769 927 979 987 1006 1139 1164 1240 1248 1347 1376 1396 1406 1422 1464 1464 1465 1476 1512 1611 1708 1723 1737 1829 2133 2134 2281 2310 2436 2524 2672 2847 2857 2984 3023 3023 3105 3224 3229 3258 3275 3480 3517 3579 3695 3832 3956 4019 4042 4043 4195 4202 4207 4241 4263 4269 4509 4575 4575 4678 4681 4683 4743 4763 4808 4828 4840 4937 4940 5041 5064 5072 5074 5175 5183 5274 5278 5302 5396
1,138 138 260 261 317 333 333 359 472 473 474 569 832 886 887 905 1004 1034 1249 1258 1327 1362 1437 1519 1748 1796 1921 1976 2024 2097 2167 2205 2240 2347 2384 2456 2458 2528 2672 2686 2739 2750 2835 2975 3343 3343 3412 3467 3552 3840 3984 4059 4105 4171 4254 4255 4464 4519 4630 4631 4681 4681 4683 4743 4790 4792 5023 5023 5135
3,160 160 367 495 810 830 855 952 982 1020 1027 1065 1103 1133 1608 1732 1906 2161 2209 2403 2799 2814 2883 2883 2891 2958 3275 3276 3311 3491 3499 3546 3560 3695 3854 3960 3993 3993 4000 4077 4147 4152 4152 4155 4156 4273 4293 4331 4351 4598 4667 4744 4775 4787 4979 4979 5010 5323 5366 5370 5396 5396
3,3 160 160 161 299 308 333 367 410 450 450 468 534 534 633 705 706 761 806 901 1006 1103 1281 1301 1362 1499 1525 1625 1678 1734 1908 2165 2165 2202 2369 2415 2422 2575 2606 2816 2817 2922 3045 3168 3275 3329 3635 3635 3638 3696 3771 3806 3808 3821 3821 3922 4023 4023 4138 4147 4152 4152 4202 4329 4362 4732 4744 4744 4787 4860 4866 4879 4892 5200 5396
7,69 70 89 234 240 273 276 278 278 279 287 287 421 421 449 461 560 686 729 843 846 1011 1036 1047 1219 1376 1397 1401 1480 1628 1707 1863 1872 1881 1884 1967 2001 2149 2163 2257 2258 2272 2326 2415 2415 2481 2521 2562 2605 2660 2679 2703 2837 2876 2929 3000 3040 3176 3218 3273 3275 3275 3518 3518 3562 3606 3606 3697 3713 3714 3718 3789 3813 3832 4125 4155 4202 4242 4255 4273 4402 4455 4518 4618 4703 4718 4725 4743 4791 4832 4832 4842 4910 4911 4926 4972 5058 5059 5118 5136 5172 5249 5266 5357
2,135 240 321 352 360 375 406 419 449 468 468 589 656 685 698 708 731 731 762 975 1110 1128 1130 1139 1168 1196 1198 1198 1208 1303 1309 1376 1401 1421 1517 1649 1762 1800 2296 2321 2427 2746 2875 2984 2984 3142 3275 3275 3297 3390 3560 3563 3624 3712 3874 4109 4194 4223 4255 4273 4308 4311 4311 4521 4607 4685 4715 4718 4720 4733 4744 4804 4979 5010 5217 5407 5407
6,68 73 80 124 136 169 261 357 666 850 906 1006 1047 1109 1121 1138 1138 1139 1362 1499 1534 1573 1716 1731 1857 1915 1958 1958 1959 2066 2292 2298 2298 2343 2360 2414 2415 2456 2605 2703 2746 2904 3176 3248 3275 3275 3276 3302 3306 3338 3376 3379 3379 3387 3604 3722 3798 3798 4022 4030 4030 4044 4109 4273 4279 4328 4329 4512 4520 4575 4575 4583 4613 4668 4731 4738 4742 4744 4860 4860 4931 5042 5302 5320
0,49 69 78 138 221 234 234 327 442 469 489 497 525 560 631 669 679 954 1047 1089 1132 1230 1235 1236 1252 1310 1448 1454 1466 1517 1731 1831 1833 1833 1864 1864 1908 1939 2000 2001 2006 2145 2163 2211 2248 2295 2326 2357 2414 2432 2437 2440 2469 2476 2544 2837 2852 2869 2919 2971 3055 3058 3218 3275 3275 3491 3577 3654 3767 3771 3789 3831 3860 3945 3971 4054 4068 4157 4164 4202 4242 4254 4255 4258 4303 4376 4377 4379 4447 4447 4466 4467 4527 4534 4596 4703 4744 4803 4972 4972 5039 5082 5090 5225 5261 5288 5346 5347
5,9 191 287 316 317 383 384 384 423 489 490 651 666 766 795 859 863 864 877 889 936 1006 1147 1149 1320 1334 1369 1376 1488 1582 1625 1710 1759 1813 1863 1908 2010 2076 2202 2353 2373 2411 2503 2508 2531 2534 2541 2543 2563 2604 2678 2738 2781 2844 2900 2922 2925 3040 3137 3138 3174 3174 3175 3393 3704 3733 3777 3785 3857 3859 3953 4059 4154 4157 4202 4269 4273 4293 4566 4598 4598 4738 4787 4791 4843 4843 4865 4884 4972 4972 5002 5112 5221 5272 5272 5338
0,78 231 240 240 243 261 421 468 468 469 469 470 573 595 597 598 904 904 905 905 914 917 955 981 1035 1040 1132 1230 1265 1267 1275 1401 1450 1451 1517 1580 1648 1784 1817 1844 1863 1863 1949 2107 2111 2137 2203 2209 2334 2375 2462 2476 2518 2572 2604 2662 2678 2701 2728 2738 2739 2789 2817 2830 2852 2918 2919 3099 3275 3275 3297 3297 3302 3308 3411 3435 3435 3470 3497 3522 3604 3751 3812 3815 3831 3931 4022 4023 4030 4046 4107 4155 4156 4164 4254 4255 4273 4505 4505 4516 4565 4566 4617 4636 4681 4704 4744 4753 4763 4771 4803 4935 4939 4972 4979 4997 5006 5097 5104 5104 5195 5228 5273 5283 5283 5284 5365 5375
0,73 78 79 138 206 358 366 449 560 718 734 795 855 905 990 1047 1095 1097 1276 1309 1376 1449 1491 1517 1568 1771 1800 1802 1802 1863 1863 1905 1907 1908 1939 2000 2000 2001 2007 2100 2110 2326 2452 2503 2605 2712 2713 2780 2837 2919 2925 2931 2933 2957 3070 3082 3161 3176 3176 3297 3425 3426 3486 3491 3491 3522 3700 3727 3728 3771 3789 3812 3855 3859 3931 4060 4155 4227 4242 4255 4269 4273 4355 4481 4518 4527 4718 4744 4787 4791 4807 4840 4972 5058 5058 5314
1,138 138 169 177 240 242 333 333 357 449 643 710 737 847 916 951 1088 1098 1132 1328 1575 1585 1585 1843 1908 1914 2087 2202 2296 2402 2419 2634 2634 2640 2640 2656 2816 2817 2918 3036 3081 3117 3161 3275 3275 3275 3302 3320 3395 3504 3671 3681 3683 3683 3707 3908 3908 3950 3950 4074 4088 4147 4147 4163 4165 4166 4216 4273 4305 4362 4368 4369 4376 4378 4386 4511 4514 4518 4632 4683 4736 4744 4935 4950 5128 5207 5217 5218 5245 5247 5247 5247 5248
6,64 666 1086 1103 1311 1363 1401 1417 1581 1622 1945 2004 2223 2291 2672 2932 3168 3202 3275 3376 3376 3380 3429 3497 3638 3666 3818 4062 4063 4138 4298 4303 4330 4330 4516 4575 4774 4789 4860 5229 5302
6,21 23 24 73 109 170 248 248 307 344 344 346 445 445 469 560 629 662 951 987 990 1048 1109 1170 1421 1447 1451 1536 1712 2038 2092 2210 2223 2223 2246 2291 2291 2292 2437 2437 2485 2572 2583 2608 2697 2703 2719 3014 3165 3198 3275 3275 3302 3376 3378 3379 3500 3560 3568 3998 4030 4084 4084 4127 4137 4138 4262 4463 4524 4535 4575 4575 4575 4607 4678 4683 4700 4701 4763 4860 4881 5087 5094 5302 5302 5337 5347 5356 5375
1,112 113 114 134 138 333 360 367 421 677 918 973 1065 1119 1119 1138 1195 1252 1282 1319 1428 1484 1506 1517 1582 1688 1709 1713 1732 1778 1778 1881 1908 1929 1931 1979 2100 2202 2418 2435 2537 2704 2774 2799 2836 2913 3068 3084 3161 3161 3253 3275 3275 3702 3736 3771 3811 3812 3946 4057 4095 4155 4156 4273 4331 4331 4357 4361 4605 4683 4744 4849 5028 5129 5154 5333 5334 5347 5397
6,355 357 543 702 727 766 1059 1268 1274 1275 1309 1310 1398 1481 1517 1539 1674 1681 1707 1707 1800 1800 1802 1802 1829 1843 1983 1984 2000 2027 2100 2110 2110 2246 2346 2346 2355 2446 2554 2608 2758 2871 2917 3008 3022 3071 3105 3116 3167 3167 3236 3242 3275 3275 3275 3276 3304 3309 3519 3559 3560 3596 3692 3828 3850 3939 4019 4086 4105 4115 4115 4147 4163 4284 4314 4427 4535 4575 4575 4591 4594 4594 4681 4683 4828 4849 4934 4939 4969 4991 5006 5138 5168 5191 5302 5349
2,29 122 135 169 217 350 391 436 689 731 754 859 870 871 873 875 940 1125 1376 1377 1389 1420 1471 1499 1609 1624 1682 1697 1738 1811 1850 1967 2159 2222 2246 2248 2349 2351 2352 2374 2415 2432 2560 2612 2710 2908 2939 3081 3223 3223 3275 3275 3275 3276 3307 3311 3550 3565 3699 3768 3812 3852 3962 4059 4151 4179 4203 4259 4298 4311 4314 4355 4387 4389 4500 4500 4503 4503 4575 4575 4577 4604 4677 4785 4824 4984 4995 5094 5096 5263 5301 5334 5375 5375 5375 5376 5377 5377 5378
4,3 72 99 122 136 140 152 172 366 367 418 419 429 566 603 603 623 702 767 769 770 843 919 1027 1035 1088 1220 1239 1412 1412 1505 1585 1702 1843 1861 1866 1885 1908 1985 2159 2203 2227 2310 2374 2379 2401 2414 2513 2547 2575 2608 2742 2810 2939 3162 3169 3248 3275 3275 3275 3332 3491 3518 3518 3527 3542 3542 3551 3679 3825 3831 3864 3934 3993 4025 4069 4072 4077 4094 4179 4201 4202 4255 4273 4298 4353 4361 4376 4398 4403 4420 4534 4570 4575 4586 4631 4657 4686 4743 4744 4825 4840 4843 4843 4934 5064 5091 5142 5316 5384
1,69 73 87 134 138 239 328 333 395 395 449 454 560 766 771 954 1010 1029 1132 1220 1274 1415 1488 1488 1559 1561 1581 1811 1867 1872 1908 1939 2001 2083 2306 2307 2308 2308 2311 2326 2432 2435 2738 2817 2837 3122 3153 3153 3297 3491 3503 3520 3642 3831 3832 3860 4059 4125 4163 4208 4209 4227 4242 4255 4257 4273 4380 4413 4437 4544 4683 4683 4703 4703 4744 4882 5071 5072 5115 5207 5231 5259 5260 5261
2,41 76 87 88 122 177 177 244 322 432 468 469 487 539 686 717 731 731 732 751 772 772 774 774 775 874 1002 1009 1029 1132 1219 1220 1310 1311 1317 1408 1428 1429 1457 1474 1578 1676 1677 1710 1938 1995 2000 2001 2002 2003 2004 2010 2037 2045 2048 2051 2205 2308 2309 2341 2350 2503 2544 2637 2670 2703 2718 2776 2777 2777 2785 2790 2810 2896 2896 2925 2926 2948 3064 3064 3123 3136 3175 3196 3198 3198 3220 3230 3270 3273 3275 3275 3417 3448 3448 3515 3560 3832 3931 4059 4062 4134 4135 4137 4138 4139 4141 4185 4214 4267 4273 4311 4311 4317 4317 4405 4518 4520 4586 4631 4743 4749 4752 4775 4803 4878 4879 4881 4924 5002 5031 5114 5126 5148 5150 5154 5239 5259
2,8 73 87 122 176 372 372 414 414 449 468 468 560 560 660 661 731 731 750 772 774 830 906 1111 1138 1224 1268 1392 1398 1474 1732 1758 1806 1807 1808 1923 1938 2037 2051 2561 2605 2614 2683 2790 2872 2919 2924 2948 3036 3076 3134 3198 3207 3223 3275 3276 3280 3297 3361 3515 3515 3519 3520 3560 3645 3662 3662 3812 4137 4138 4179 4273 4308 4309 4311 4311 4329 4490 4513 4529 4529 4539 4570 4735 4736 4744 4844 4860 5004 5004 5066 5087 5094 5115 5274 5356
0,78 122 421 944 1052 1138 1143 1165 1219 1613 1776 1802 1908 2078 2330 2437 2739 2819 2852 3091 3275 3833 3974 4022 4030 4094 4161 4254 4290 4598 4718 4972 5221
5,87 94 247 247 277 287 287 347 347 348 366 450 450 514 515 648 843 902 906 1219 1247 1274 1307 1310 1310 1377 1377 1582 1710 1732 1759 1811 2052 2052 2110 2110 2111 2113 2308 2374 2435 2458 2542 2608 2705 2768 2817 2924 2932 3118 3275 3491 3491 3560 3588 3666 3733 3737 3738 3766 3769 3794 3825 3984 4006 4008 4008 4025 4095 4095 4108 4157 4157 4227 4253 4254 4314 4329 4361 4447 4587 4680 4680 4744 4789 4972 4972 5006 5115 5172 5172
6,12 46 64 65 68 69 71 73 87 220 300 636 660 669 711 856 951 1029 1047 1048 1109 1109 1164 1167 1339 1351 1366 1378 1379 1445 1627 1657 1972 2038 2048 2110 2111 2213 2283 2286 2286 2287 2292 2431 2473 2476 2480 2570 2703 2786 3054 3058 3061 3068 3145 3197 3198 3198 3202 3215 3246 3275 3371 3379 3379 3380 3488 3538 3694 3694 3718 3886 4063 4190 4281 4467 4575 4575 4586 4683 4807 4808 4858 4860 4860 4900 4900 5239 5239 5302 5302
5,34 50 63 73 78 107 197 222 230 239 287 287 289 290 328 345 384 396 421 457 491 526 560 651 747 790 793 906 931 936 1009 1047 1048 1048 1066 1089 1097 1125 1201 1246 1270 1274 1285 1286 1289 1329 1376 1387 1454 1488 1513 1517 1561 1648 1666 1789 1802 1831 1876 1877 1976 2010 2019 2108 2163 2203 2276 2277 2356 2357 2415 2417 2437 2479 2498 2511 2543 2713 2738 2838 2885 2918 2925 3040 3058 3174 3186 3275 3314 3366 3374 3491 3547 3654 3725 3728 3733 3766 3773 3775 3815 3837 3859 3864 3894 3941 3994 4044 4066 4095 4147 4253 4254 4255 4263 4293 4296 4449 4452 4452 4461 4507 4529 4530 4681 4683 4704 4718 4913 4972 4972 4975 4979 4998 5064 5108 5122 5130 5163 5172 5174
5,89 134 172 287 287 316 423 423 449 449 469 478 572 679 679 794 795 830 855 1003 1103 1204 1338 1362 1377 1377 1514 1517 1710 1732 1780 1780 1844 1863 2007 2110 2110 2113 2931 2938 3124 3161 3275 3297 3545 3545 3587 3714 3733 3746 3771 3777 3863 4027 4095 4099 4147 4177 4227 4273 4361 4534 4535 4554 4744 4878 4959 4972 4972 5033 5062 5064 5064 5253
2,4 6 63 73 76 156 171 198 231 367 473 518 541 718 721 722 731 731 766 774 830 856 863 962 1087 1109 1133 1138 1200 1219 1333 1339 1376 1377 1424 1450 1481 1517 1557 1731 1905 1979 2051 2116 2209 2291 2349 2384 2430 2459 2471 2605 2607 2636 2727 2740 2740 2746 2760 2769 2863 2950 3064 3084 3275 3280 3507 3515 3524 3598 3604 3646 3941 3965 3966 4096 4145 4147 4254 4273 4278 4283 4308 4310 4311 4311 4347 4412 4418 4447 4479 4513 4575 4666 4743 4862 4907 4956 5064 5136 5302
2,4 6 73 87 140 198 227 227 228 231 231 239 358 385 397 450 518 661 661 689 731 731 843 895 979 997 1004 1011 1239 1312 1372 1376 1457 1512 1516 1517 1823 1843 1844 1890 1890 2114 2163 2387 2414 2415 2416 2437 2476 2605 2651 2665 2666 2670 2670 2764 2769 2769 2769 2816 2861 2924 2985 3066 3084 3275 3275 3515 3518 3518 3601 3611 3626 3925 4095 4108 4134 4135 4147 4264 4265 4293 4296 4308 4308 4311 4311 4449 4527 4529 4666 4789 4925 5031 5064 5134 5325
4,53 98 126 214 240 358 366 367 464 603 603 699 766 859 893 1010 1088 1102 1215 1240 1252 1274 1487 1487 1609 1638 1690 1730 1731 1732 1831 1844 1863 1866 1881 1895 1896 1942 2003 2202 2212 2233 2234 2261 2319 2373 2419 2679 2695 2739 2742 2793 2810 2939 3036 3275 3275 3276 3342 3411 3419 3419 3518 3518 3542 3551 3565 3635 3695 3696 3877 3890 3917 3957 3957 4122 4130 4247 4273 4361 4420 4455 4534 4535 4598 4742 4743 4803 4843 4971 5064 5065 5132 5221 5221 5347 5370 5384 5402
1,25 134 138 138 150 170 172 333 333 367 373 419 437 552 614 688 967 1015 1119 1138 1139 1159 1220 1278 1290 1364 1450 1620 1709 1710 1751 1751 1796 1858 1879 1917 1931 2035 2043 2151 2203 2415 2432 2462 2742 2757 2798 2799 2817 2974 2975 3041 3047 3153 3275 3290 3335 3451 3491 3491 3535 3584 3636 3663 3707 3710 3733 3756 3931 3932 4060 4077 4085 4086 4149 4151 4156 4207 4227 4229 4273 4345 4345 4346 4347 4348 4361 4535 4588 4683 4744 4745 4763 4896 4897 4979 5079 5119 5207 5207 5319 5334
2,130 133 260 366 386 472 651 731 731 772 774 795 944 1009 1023 1186 1239 1366 1377 1389 1679 1820 1870 1942 2037 2045 2054 2056 2159 2159 2308 2319 2352 2367 2375 2403 2558 2708 2766 2847 2896 2926 2960 2966 3040 3064 3103 3134 3136 3275 3275 3513 3639 3941 4052 4060 4139 4297 4298 4308 4311 4311 4468 4500 4520 4535 4575 4575 4601 4683 4743 4852 4860 4878 4956 4979 4993 5063 5101 5350 5377 5380
7,5 69 73 90 91 138 204 277 279 287 301 396 421 527 816 843 906 908 917 989 1096 1132 1181 1517 1540 1609 1640 1707 1732 1781 1830 1863 1905 1908 1975 2169 2373 2420 2547 2738 2840 2842 2868 2928 3055 3058 3058 3218 3248 3344 3372 3565 3606 3635 3641 3641 3642 3669 3737 3812 3815 3831 3851 4078 4114 4114 4177 4198 4293 4355 4446 4505 4505 4554 4574 4632 4680 4680 4714 4744 4745 4832 4839 4972 4972 5169 5207 5261
3,112 113 123 159 160 160 160 181 239 366 466 468 479 504 900 900 1034 1333 1439 1468 1468 1499 1512 1658 1658 1678 1732 1908 1999 2168 2168 2205 2374 2403 2414 2430 2575 2577 2763 2925 2932 2937 3124 3275 3275 3506 3515 3516 3529 3529 3562 3635 3771 3830 3841 3880 4152 4152 4314 4316 4331 4331 4361 4878 4880 4984 5115 5129 5155 5357 5396 5397 5401
3,160 160 342 358 464 468 475 555 704 705 706 806 1281 1382 1517 1609 1732 1773 1858 1970 2043 2093 2093 2373 2414 2415 2541 2713 2799 2836 3004 3037 3082 3121 3275 3297 3529 3679 3745 3745 3812 3895 4023 4094 4152 4152 4174 4207 4215 4215 4273 4329 4361 4518 4583 4584 4598 4718 4741 4744 4805 4891 4891 4892 4954 4979 5320 5397
6,46 141 333 440 468 469 562 661 665 666 711 1023 1086 1091 1097 1184 1518 1553 1622 1878 1907 1948 1972 2001 2070 2080 2223 2285 2291 2292 2374 2403 2509 2543 2730 2763 2845 2847 2925 2966 3073 3074 3097 3145 3198 3201 3376 3376 3516 3518 3566 3667 3931 4135 4137 4138 4222 4273 4329 4330 4426 4520 4575 4575 4664 4681 4683 4743 4787 4791 4840 4865 5302 5302
4,181 357 366 369 468 471 544 651 744 1217 1343 1468 1512 1732 1802 1802 1908 2001 2003 2104 2104 2110 2203 2352 2415 2415 2435 2491 2517 2525 2562 2810 3275 3327 3569 3728 3728 4035 4155 4201 4202 4355 4400 4426 4452 4471 4535 4594 4616 4632 4718 4718 4744 4768 4803 4806 4991 5058 5078 5257 5384
6,43 65 66 73 73 97 241 260 261 307 468 471 560 652 660 735 881 1006 1010 1086 1279 1599 1782 1805 2202 2238 2285 2291 2320 2365 2432 2485 2536 2547 2746 2746 2866 2869 2924 2946 2954 3016 3066 3176 3198 3198 3276 3363 3370 3370 3376 3537 3638 3740 3925 4060 4138 4141 4292 4298 4329 4516 4521 4575 4631 4690 4692 4778 4860 4879 4894 4985 5094 5279 5302
4,87 287 297 379 382 473 476 716 793 795 855 874 981 996 1006 1007 1008 1103 1220 1362 1376 1414 1513 1710 1726 1781 1849 1908 1967 1983 2038 2039 2110 2110 2202 2347 2403 2414 2567 2599 2810 2922 2960 2961 2965 2969 3015 3036 3070 3153 3275 3275 3309 3491 3518 3730 3773 3774 3958 4021 4078 4157 4192 4202 4433 4456 4472 4473 4500 4534 4550 4568 4641 4744 4779 4808 4809 4810 4811 4811 4935 4967 4970 4979 5075 5077 5118 5331 5341 5341 5382 5383 5384 5384
2,61 73 126 152 153 194 240 260 294 449 469 547 594 706 706 731 731 795 798 847 906 922 958 989 1011 1088 1119 1132 1138 1139 1186 1280 1281 1282 1382 1497 1520 1520 1642 1681 1700 1710 1759 1853 1972 2038 2110 2111 2202 2222 2258 2296 2415 2429 2446 2446 2524 2742 2746 2751 2760 2817 2888 2898 2922 2950 3082 3088 3223 3248 3275 3275 3504 3520 3551 3604 3604 3695 3699 3806 3812 3819 3825 3831 3932 3993 3994 4080 4087 4138 4157 4259 4270 4273 4308 4310 4311 4311 4322 4324 4361 4387 4400 4420 4464 4476 4516 4518 4534 4541 4575 4575 4575 4599 4744 4787 4789 4852 4979 4985 4994 5026 5097 5217 5219 5301 5375 5388 5397 5401
1,134 138 333 333 362 434 450 650 675 680 780 854 902 902 973 1069 1086 1133 1484 1485 1560 1731 1732 1734 1905 1908 2000 2100 2202 2416 2446 2446 2482 2533 2673 2689 2739 2816 2869 3081 3091 3093 3093 3157 3161 3168 3260 3275 3297 3470 3481 3535 3637 3638 3666 3707 3741 3931 3960 4038 4077 4086 4158 4208 4255 4255 4269 4273 4289 4329 4366 4456 4493 4518 4683 4683 4718 4731 4744 4787 4839 4849 4860 4882 4979 5008 5008 5159 5207
0,55 78 109 234 261 270 287 313 368 455 492 689 859 896 904 905 905 981 983 983 1086 1126 1230 1357 1377 1512 1517 1678 1802 1802 1843 1863 1863 1958 1967 2008 2041 2041 2132 2347 2417 2437 2458 2583 2615 2847 2851 2956 2957 2957 3001 3062 3297 3309 3311 3374 3605 3610 3812 3829 3832 3841 3841 3896 3897 4030 4041 4208 4254 4266 4314 4329 4472 4529 4541 4556 4703 4704 4718 4718 4721 4742 4937 4972 4974 5011 5035 5049 5180 5375
6,68 96 141 327 333 541 777 881 1091 1108 1184 1518 1581 1622 1650 1678 1805 1820 1829 1844 2013 2207 2223 2238 2259 2291 2292 2365 2374 2403 2543 2558 2579 2614 2703 2784 2846 2855 2946 3105 3145 3197 3198 3201 3202 3275 3295 3376 3376 3380 3536 3651 3666 3805 3864 3866 3899 3925 4019 4134 4138 4138 4303 4330 4445 4464 4520 4575 4575 4630 4683 4683 4743 4787 4788 4860 4865 5192 5232 5263 5302 5302
3,26 112 114 152 160 160 160 161 318 318 468 468 476 555 679 855 1132 1132 1164 1165 1282 1309 1310 1362 1908 1961 1961 1967 2035 2035 2065 2071 2100 2111 2203 2415 2462 2563 2572 2605 2799 2922 3081 3253 3253 3254 3275 3275 3491 3520 3589 3635 3635 3636 3771 3860 3904 3919 4065 4142 4151 4152 4152 4153 4201 4399 4456 4598 4744 4805 4979 5320 5322 5322 5397
2,89 135 170 202 231 260 261 307 316 440 464 472 472 632 731 731 974 1055 1119 1132 1138 1156 1171 1424 1574 1591 1609 1613 1622 1774 1789 1875 1875 1878 1878 1878 1916 1930 1983 2028 2070 2237 2239 2259 2322 2373 2374 2403 2424 2525 2542 2543 2694 2730 2850 2912 2925 2925 2950 2966 3036 3039 3099 3229 3519 3520 3520 3524 3526 3560 3644 3644 3832 3859 3860 4023 4134 4138 4164 4273 4311 4311 4408 4516 4541 4551 4552 4586 4630 4744 4787 4826 4860 4970 4985 5016 5129 5134 5135 5136
1,73 138 138 147 239 317 333 335 420 454 469 560 644 766 824 1041 1138 1219 1310 1327 1328 1353 1377 1495 1581 1585 1585 1776 1786 1907 2001 2110 2145 2259 2432 2434 2435 2460 2462 2521 2555 2617 2676 2719 2738 3036 3115 3164 3176 3181 3191 3211 3318 3355 3520 3860 3949 4060 4152 4209 4214 4439 4543 4544 4616 4620 4620 4622 4631 4672 4683 4736 4791 5020 5063 5125 5135 5207 5274 5276
5,240 242 273 273 278 287 287 290 461 469 470 560 575 649 732 793 795 902 918 920 928 954 997 1095 1095 1096 1132 1198 1310 1320 1512 1517 1581 1624 1626 1759 1905 1908 2000 2001 2063 2100 2301 2326 2347 2354 2374 2403 2409 2415 2424 2432 2435 2521 2521 2542 2551 2551 2567 2591 2604 2719 2723 2738 2837 2929 2932 2935 3071 3174 3218 3273 3297 3428 3475 3489 3491 3519 3550 3551 3560 3604 3604 3708 3733 3812 3859 3860 3998 4035 4125 4147 4155 4239 4242 4254 4255 4255 4260 4293 4354 4400 4474 4491 4505 4505 4506 4518 4671 4681 4681 4685 4704 4725 4736 4744 4753 4763 4787 4788 4878 4882 4926 4946 4972 4972 4979 5072 5094 5185 5220
2,73 73 118 118 119 121 172 200 201 206 242 358 359 430 661 718 731 731 739 979 1002 1006 1032 1051 1052 1052 1052 1053 1100 1119 1517 1602 1876 2000 2075 2185 2238 2270 2270 2271 2271 2291 2292 2350 2351 2352 2354 2415 2437 2488 2519 2709 2746 2773 2924 2925 3055 3058 3101 3251 3275 3518 3524 3651 3660 3812 4030 4030 4095 4096 4135 4157 4161 4162 4176 4256 4264 4308 4311 4311 4418 4497 4575 5064 5115 5129 5301
2,4 33 45 59 127 128 160 193 225 319 353 417 440 464 468 469 471 509 560 640 731 731 762 772 772 774 864 906 907 947 986 1029 1067 1086 1097 1103 1109 1112 1138 1170 1266 1275 1279 1349 1350 1351 1361 1471 1474 1474 1635 1636 1641 1648 1649 1676 1797 1807 1844 1876 1922 1923 1923 1938 1948 1961 2000 2001 2004 2051 2052 2111 2225 2251 2292 2308 2311 2349 2365 2369 2374 2400 2403 2417 2456 2539 2568 2584 2615 2666 2692 2713 2782 2788 2804 2810 2816 2845 2856 2925 2926 2948 2957 3036 3050 3064 3066 3155 3178 3198 3198 3201 3217 3275 3385 3418 3476 3488 3560 3623 3714 3859 3898 3993 4100 4125 4134 4135 4137 4138 4140 4176 4227 4229 4255 4298 4309 4311 4311 4330 4376 4406 4417 4468 4474 4527 4530 4547 4575 4575 4575 4598 4692 4718 4730 4753 4848 4970 4980 4982 4984 4985 4989 5000 5031 5032 5044 5134 5135 5135 5215 5301 5352
6,49 49 51 268 350 425 823 893 1038 1476 1481 1674 1802 1907 1967 1983 2027 2355 2456 2457 2585 2604 3071 3116 3161 3219 3219 3275 3275 3275 3276 3565 3596 3782 3809 4009 4115 4115 4116 4116 4155 4575 4575 4579 4681 4742 4841 4843 5079 5110 5302 5302 5324 5327
